account_id,tenure_months,monthly_charge,support_tickets,plan,autopay,region,joined_date,churn,currency,legacy_flag,target_copy_review
ACC-00000,7,74.96,1,Starter,False,East,2022-01-01,1,USD,current,1
ACC-00001,56,49.05,3,Starter,False,North,2022-01-02,0,USD,current,0
ACC-00002,48,75.45,2,Starter,True,West,2022-01-03,0,USD,current,0
ACC-00003,32,78.63,0,Starter,True,North,2022-01-04,0,USD,current,0
ACC-00004,32,,1,Business,False,East,2022-01-05,0,USD,current,0
ACC-00005,62,49.11,1,Pro,False,North,2022-01-06,0,USD,current,0
ACC-00006,7,60.15,1,Starter,True,East,2022-01-07,0,USD,current,0
ACC-00007,51,76.7,2,Starter,True,South,2022-01-08,0,USD,current,0
ACC-00008,15,64.98,3,Starter,False,West,2022-01-09,1,USD,current,1
ACC-00009,7,45.01,4,Pro,True,East,2022-01-10,1,USD,current,1
ACC-00010,38,850.0,1,,True,South,2022-01-11,0,USD,current,0
ACC-00011,71,73.84,1,Pro,False,North,2022-01-12,0,USD,current,0
ACC-00012,53,65.5,2,Pro,True,East,2022-01-13,0,USD,current,0
ACC-00013,55,67.73,1,Starter,True,South,2022-01-14,0,USD,current,0
ACC-00014,52,59.6,1,Pro,False,North,2022-01-15,1,USD,current,1
ACC-00015,57,89.13,1,Business,True,East,2022-01-16,0,USD,current,0
ACC-00016,37,48.69,6,,False,North,2022-01-17,0,USD,current,0
ACC-00017,10,54.02,1,Starter,True,North,2022-01-18,1,USD,current,1
ACC-00018,61,64.19,1,Business,True,North,2022-01-19,1,USD,current,1
ACC-00019,33,78.94,2,Business,True,South,2022-01-20,0,USD,current,0
ACC-00020,37,1100.0,3,Pro,False,North,2022-01-21,0,USD,current,0
ACC-00021,27,41.72,2,Pro,True,North,2022-01-22,0,USD,current,0
ACC-00022,14,29.36,0,Starter,False,South,2022-01-23,0,USD,current,0
ACC-00023,67,,0,Pro,True,North,2022-01-24,0,USD,current,0
ACC-00024,57,44.99,3,Pro,True,North,2022-01-25,0,USD,current,0
ACC-00025,47,57.46,3,Starter,False,South,2022-01-26,1,USD,current,1
ACC-00026,29,75.24,1,Pro,False,North,2022-01-27,0,USD,current,0
ACC-00027,60,53.09,0,Business,False,West,2022-01-28,1,USD,current,1
ACC-00028,40,67.93,0,Pro,True,South,2022-01-29,0,USD,current,0
ACC-00029,32,58.91,2,Starter,True,West,2022-01-30,0,USD,current,0
ACC-00030,33,950.0,4,Starter,False,West,2022-01-31,1,USD,current,1
ACC-00031,17,72.08,4,Business,True,West,2022-02-01,1,USD,current,1
ACC-00032,7,52.24,2,Business,True,East,2022-02-02,0,USD,current,0
ACC-00033,40,61.13,2,Pro,False,South,2022-02-03,0,USD,current,0
ACC-00034,64,81.74,2,,False,East,2022-02-04,1,USD,current,1
ACC-00035,5,70.69,2,Pro,True,North,2022-02-05,0,USD,current,0
ACC-00036,62,40.25,2,Starter,False,West,2022-02-06,0,USD,current,0
ACC-00037,60,75.15,4,Starter,False,South,2022-02-07,0,USD,current,0
ACC-00038,20,,3,Starter,True,North,2022-02-08,0,USD,current,0
ACC-00039,46,88.01,1,Starter,False,North,2022-02-09,0,USD,current,0
ACC-00040,12,81.41,1,,False,North,2022-02-10,0,USD,current,0
ACC-00041,55,68.93,1,Starter,True,North,2022-02-11,0,USD,current,0
ACC-00042,51,66.67,2,Starter,True,East,2022-02-12,0,USD,current,0
ACC-00043,26,60.45,0,Pro,True,North,2022-02-13,0,USD,current,0
ACC-00044,5,,0,Starter,False,West,2022-02-14,0,USD,current,0
ACC-00045,70,57.7,2,Starter,True,South,2022-02-15,0,USD,current,0
ACC-00046,33,68.0,1,Pro,True,East,2022-02-16,0,USD,current,0
ACC-00047,65,78.82,5,Starter,True,South,2022-02-17,0,USD,current,0
ACC-00048,49,54.45,0,Pro,True,North,2022-02-18,0,USD,current,0
ACC-00049,57,,0,Business,True,North,2022-02-19,0,USD,current,0
ACC-00050,55,43.7,3,Starter,False,East,2022-02-20,0,USD,current,0
ACC-00051,15,45.9,0,Business,False,East,2022-02-21,0,USD,current,0
ACC-00052,27,32.92,1,Business,True,South,2022-02-22,0,USD,current,0
ACC-00053,34,76.41,1,Pro,True,South,2022-02-23,0,USD,current,0
ACC-00054,36,94.75,2,Pro,True,West,2022-02-24,1,USD,current,1
ACC-00055,4,88.23,1,Pro,False,West,2022-02-25,0,USD,current,0
ACC-00056,40,36.36,2,Pro,False,South,2022-02-26,1,USD,current,1
ACC-00057,12,76.32,0,Pro,False,North,2022-02-27,0,USD,current,0
ACC-00058,54,88.18,0,Starter,False,South,2022-02-28,0,USD,current,0
ACC-00059,50,56.23,4,Business,True,East,2022-03-01,1,USD,current,1
ACC-00060,67,65.72,0,,True,East,2022-03-02,0,USD,current,0
ACC-00061,54,29.87,2,Pro,True,North,2022-03-03,0,USD,current,0
ACC-00062,27,68.53,3,Starter,False,North,2022-03-04,0,USD,current,0
ACC-00063,70,45.92,2,Starter,True,South,2022-03-05,0,USD,current,0
ACC-00064,30,67.39,0,Pro,True,West,2022-03-06,0,USD,current,0
ACC-00065,24,37.46,0,Pro,False,North,2022-03-07,0,USD,current,0
ACC-00066,66,73.23,1,Starter,False,South,2022-03-08,0,USD,current,0
ACC-00067,27,81.42,2,Starter,True,North,2022-03-09,1,USD,current,1
ACC-00068,6,50.69,1,Starter,False,North,2022-03-10,0,USD,current,0
ACC-00069,34,44.67,1,Pro,False,East,2022-03-11,0,USD,current,0
ACC-00070,58,27.35,1,Starter,False,South,2022-03-12,0,USD,current,0
ACC-00071,14,59.47,1,Business,False,South,2022-03-13,0,USD,current,0
ACC-00072,34,,1,Starter,True,West,2022-03-14,0,USD,current,0
ACC-00073,10,,3,Starter,False,North,2022-03-15,1,USD,current,1
ACC-00074,50,71.7,2,Starter,False,North,2022-03-16,0,USD,current,0
ACC-00075,35,56.35,2,Pro,False,West,2022-03-17,0,USD,current,0
ACC-00076,24,45.71,4,Pro,False,East,2022-03-18,0,USD,current,0
ACC-00077,17,54.57,2,Pro,False,North,2022-03-19,0,USD,current,0
ACC-00078,41,82.21,2,Business,False,South,2022-03-20,0,USD,current,0
ACC-00079,49,74.25,0,Starter,False,East,2022-03-21,0,USD,current,0
ACC-00080,68,61.79,1,Pro,False,South,2022-03-22,0,USD,current,0
ACC-00081,32,74.52,1,Starter,False,East,2022-03-23,0,USD,current,0
ACC-00082,12,44.26,0,Starter,True,East,2022-03-24,0,USD,current,0
ACC-00083,60,64.55,2,Pro,False,South,2022-03-25,1,USD,current,1
ACC-00084,46,66.5,3,Starter,True,West,2022-03-26,0,USD,current,0
ACC-00085,51,56.01,1,Pro,False,South,2022-03-27,1,USD,current,1
ACC-00086,8,71.4,4,Pro,False,West,2022-03-28,0,USD,current,0
ACC-00087,23,50.73,2,Pro,False,North,2022-03-29,0,USD,current,0
ACC-00088,56,72.67,1,Pro,False,South,2022-03-30,0,USD,current,0
ACC-00089,60,,1,Pro,True,East,2022-03-31,0,USD,current,0
ACC-00090,32,15.0,0,Starter,True,West,2022-04-01,0,USD,current,0
ACC-00091,58,84.24,0,Starter,False,North,2022-04-02,0,USD,current,0
ACC-00092,61,15.0,5,Starter,False,West,2022-04-03,0,USD,current,0
ACC-00093,28,53.53,1,Pro,False,North,2022-04-04,0,USD,current,0
ACC-00094,65,81.43,0,Business,False,South,2022-04-05,0,USD,current,0
ACC-00095,21,58.61,2,Starter,False,South,2022-04-06,1,USD,current,1
ACC-00096,18,39.07,0,Pro,True,South,2022-04-07,0,USD,current,0
ACC-00097,50,45.41,0,Pro,True,West,2022-04-08,0,USD,current,0
ACC-00098,46,81.46,1,Pro,False,East,2022-04-09,1,USD,current,1
ACC-00099,11,31.33,1,Pro,False,West,2022-04-10,0,USD,current,0
ACC-00100,60,83.19,2,Pro,False,South,2022-04-11,0,USD,current,0
ACC-00101,15,63.06,0,Pro,False,West,2022-04-12,1,USD,current,1
ACC-00102,58,43.73,2,Business,False,South,2022-04-13,0,USD,current,0
ACC-00103,1,54.09,3,Starter,False,East,2022-04-14,0,USD,current,0
ACC-00104,58,,1,Business,False,East,2022-04-15,0,USD,current,0
ACC-00105,57,78.73,2,Starter,True,East,2022-04-16,1,USD,current,1
ACC-00106,57,76.45,4,Pro,False,East,2022-04-17,0,USD,current,0
ACC-00107,48,34.77,2,Starter,False,South,2022-04-18,0,USD,current,0
ACC-00108,34,57.14,1,Starter,True,East,2022-04-19,0,USD,current,0
ACC-00109,51,49.33,3,Starter,False,West,2022-04-20,0,USD,current,0
ACC-00110,20,85.99,1,Starter,False,South,2022-04-21,0,USD,current,0
ACC-00111,57,41.05,0,Starter,False,East,2022-04-22,0,USD,current,0
ACC-00112,41,91.27,2,Starter,True,North,2022-04-23,1,USD,current,1
ACC-00113,34,63.43,1,Pro,False,South,2022-04-24,0,USD,current,0
ACC-00114,37,,1,Starter,True,West,2022-04-25,0,USD,current,0
ACC-00115,41,52.49,3,Pro,False,East,2022-04-26,0,USD,current,0
ACC-00116,3,50.37,6,,False,North,2022-04-27,1,USD,current,1
ACC-00117,11,42.33,2,Pro,False,East,2022-04-28,0,USD,current,0
ACC-00118,18,65.61,3,Starter,False,West,2022-04-29,1,USD,current,1
ACC-00119,9,43.13,2,Starter,True,North,2022-04-30,0,USD,current,0
ACC-00120,32,26.93,0,Business,False,North,2022-05-01,0,USD,current,0
ACC-00121,49,57.55,0,Starter,False,South,2022-05-02,0,USD,current,0
ACC-00122,48,33.35,3,Starter,True,East,2022-05-03,0,USD,current,0
ACC-00123,34,,3,Business,True,South,2022-05-04,0,USD,current,0
ACC-00124,62,48.55,4,Business,True,West,2022-05-05,1,USD,current,1
ACC-00125,41,,1,Starter,False,West,2022-05-06,0,USD,current,0
ACC-00126,6,98.02,0,Pro,False,East,2022-05-07,1,USD,current,1
ACC-00127,56,64.96,5,Pro,False,South,2022-05-08,1,USD,current,1
ACC-00128,42,68.17,0,Pro,False,North,2022-05-09,0,USD,current,0
ACC-00129,46,33.8,1,Starter,True,West,2022-05-10,1,USD,current,1
ACC-00130,41,52.88,1,Starter,False,West,2022-05-11,0,USD,current,0
ACC-00131,40,67.66,2,Pro,True,South,2022-05-12,0,USD,current,0
ACC-00132,7,46.58,3,Starter,True,East,2022-05-13,0,USD,current,0
ACC-00133,41,79.44,3,Pro,True,West,2022-05-14,0,USD,current,0
ACC-00134,58,43.55,2,Starter,True,East,2022-05-15,0,USD,current,0
ACC-00135,22,59.13,1,,False,North,2022-05-16,0,USD,current,0
ACC-00136,44,54.04,0,Pro,False,East,2022-05-17,0,USD,current,0
ACC-00137,3,66.79,2,Pro,False,West,2022-05-18,1,USD,current,1
ACC-00138,26,53.11,2,Pro,True,West,2022-05-19,0,USD,current,0
ACC-00139,32,59.39,0,Starter,True,South,2022-05-20,0,USD,current,0
ACC-00140,71,59.99,4,Pro,True,East,2022-05-21,0,USD,current,0
ACC-00141,16,51.52,2,Starter,False,South,2022-05-22,0,USD,current,0
ACC-00142,20,72.25,1,Business,True,East,2022-05-23,0,USD,current,0
ACC-00143,30,68.05,1,Pro,True,North,2022-05-24,0,USD,current,0
ACC-00144,72,62.49,2,Business,False,South,2022-05-25,0,USD,current,0
ACC-00145,62,56.68,3,Business,False,South,2022-05-26,0,USD,current,0
ACC-00146,3,77.54,2,Business,False,South,2022-05-27,1,USD,current,1
ACC-00147,17,59.99,2,Starter,True,South,2022-05-28,1,USD,current,1
ACC-00148,60,58.79,3,Business,False,North,2022-05-29,0,USD,current,0
ACC-00149,5,65.78,1,Pro,True,East,2022-05-30,0,USD,current,0
ACC-00150,62,92.84,0,Starter,False,South,2022-05-31,0,USD,current,0
ACC-00151,21,,2,Pro,True,West,2022-06-01,0,USD,current,0
ACC-00152,67,77.09,3,Starter,False,North,2022-06-02,0,USD,current,0
ACC-00153,22,31.82,5,Starter,False,East,2022-06-03,1,USD,current,1
ACC-00154,32,67.69,1,Starter,False,North,2022-06-04,0,USD,current,0
ACC-00155,48,90.78,3,Starter,True,East,2022-06-05,0,USD,current,0
ACC-00156,10,72.31,0,Pro,True,South,2022-06-06,0,USD,current,0
ACC-00157,41,66.9,1,Business,False,South,2022-06-07,0,USD,current,0
ACC-00158,37,54.47,0,Pro,False,East,2022-06-08,0,USD,current,0
ACC-00159,57,64.53,1,Pro,True,West,2022-06-09,0,USD,current,0
ACC-00160,72,59.71,2,Starter,True,South,2022-06-10,0,USD,current,0
ACC-00161,48,,0,Pro,True,West,2022-06-11,1,USD,current,1
ACC-00162,30,59.07,0,Starter,True,North,2022-06-12,0,USD,current,0
ACC-00163,30,67.37,1,Pro,True,South,2022-06-13,0,USD,current,0
ACC-00164,31,50.96,1,Starter,True,South,2022-06-14,0,USD,current,0
ACC-00165,59,50.29,1,Pro,True,West,2022-06-15,0,USD,current,0
ACC-00166,24,40.88,1,Pro,True,North,2022-06-16,0,USD,current,0
ACC-00167,13,70.64,0,Pro,False,South,2022-06-17,1,USD,current,1
ACC-00168,25,73.27,1,Business,True,South,2022-06-18,0,USD,current,0
ACC-00169,2,67.94,2,Starter,True,West,2022-06-19,0,USD,current,0
ACC-00170,8,80.41,3,Business,True,South,2022-06-20,1,USD,current,1
ACC-00171,7,65.49,1,Pro,False,West,2022-06-21,0,USD,current,0
ACC-00172,56,70.66,2,Pro,True,East,2022-06-22,0,USD,current,0
ACC-00173,53,69.17,2,Pro,True,East,2022-06-23,1,USD,current,1
ACC-00174,51,62.44,2,Pro,True,West,2022-06-24,0,USD,current,0
ACC-00175,34,54.98,0,Business,True,North,2022-06-25,1,USD,current,1
ACC-00176,52,101.64,0,Starter,True,South,2022-06-26,0,USD,current,0
ACC-00177,12,56.32,1,Pro,True,East,2022-06-27,0,USD,current,0
ACC-00178,65,52.68,0,Pro,False,North,2022-06-28,0,USD,current,0
ACC-00179,37,71.38,0,Pro,True,North,2022-06-29,0,USD,current,0
ACC-00180,68,68.28,0,Business,True,North,2022-06-30,0,USD,current,0
ACC-00181,11,40.12,1,Starter,False,West,2022-07-01,0,USD,current,0
ACC-00182,36,83.09,3,Pro,False,East,2022-07-02,0,USD,current,0
ACC-00183,51,62.4,2,Starter,False,South,2022-07-03,0,USD,current,0
ACC-00184,36,45.11,2,Starter,True,East,2022-07-04,0,USD,current,0
ACC-00185,33,84.21,4,Pro,True,East,2022-07-05,0,USD,current,0
ACC-00186,12,74.64,3,Starter,True,West,2022-07-06,1,USD,current,1
ACC-00187,28,42.5,1,,False,West,2022-07-07,0,USD,current,0
ACC-00188,18,94.21,1,Starter,True,West,2022-07-08,0,USD,current,0
ACC-00189,22,75.2,0,Pro,False,North,2022-07-09,0,USD,current,0
ACC-00190,50,63.83,1,Pro,False,West,2022-07-10,0,USD,current,0
ACC-00191,46,91.03,0,Business,False,South,2022-07-11,0,USD,current,0
ACC-00192,44,66.71,3,,True,South,2022-07-12,1,USD,current,1
ACC-00193,27,63.52,2,Pro,False,East,2022-07-13,1,USD,current,1
ACC-00194,70,52.77,0,Pro,True,East,2022-07-14,0,USD,current,0
ACC-00195,7,73.89,1,Pro,False,South,2022-07-15,1,USD,current,1
ACC-00196,25,72.1,2,Starter,False,West,2022-07-16,0,USD,current,0
ACC-00197,9,64.25,0,Starter,False,North,2022-07-17,0,USD,current,0
ACC-00198,25,50.57,2,Pro,True,North,2022-07-18,0,USD,current,0
ACC-00199,70,66.21,4,Pro,False,North,2022-07-19,0,USD,current,0
ACC-00200,27,62.81,0,Pro,True,West,2022-07-20,0,USD,current,0
ACC-00201,66,,1,Pro,True,South,2022-07-21,0,USD,current,0
ACC-00202,36,38.98,2,Pro,True,South,2022-07-22,0,USD,current,0
ACC-00203,51,73.61,1,Pro,False,East,2022-07-23,0,USD,current,0
ACC-00204,33,19.77,2,Starter,False,South,2022-07-24,0,USD,current,0
ACC-00205,20,67.49,2,Pro,True,East,2022-07-25,0,USD,current,0
ACC-00206,56,55.87,4,Business,False,North,2022-07-26,0,USD,current,0
ACC-00207,70,86.24,1,Starter,False,North,2022-07-27,0,USD,current,0
ACC-00208,19,55.61,2,Pro,True,West,2022-07-28,0,USD,current,0
ACC-00209,57,75.21,0,Starter,False,South,2022-07-29,0,USD,current,0
ACC-00210,19,57.25,3,Pro,False,North,2022-07-30,0,USD,current,0
ACC-00211,52,65.93,1,Starter,True,South,2022-07-31,0,USD,current,0
ACC-00212,57,76.53,0,Pro,True,South,2022-08-01,0,USD,current,0
ACC-00213,33,56.14,2,Starter,False,South,2022-08-02,0,USD,current,0
ACC-00214,54,80.94,3,Pro,True,South,2022-08-03,0,USD,current,0
ACC-00215,20,47.11,4,Business,False,East,2022-08-04,0,USD,current,0
ACC-00216,6,69.01,0,Starter,True,North,2022-08-05,0,USD,current,0
ACC-00217,7,79.68,3,Business,True,South,2022-08-06,1,USD,current,1
ACC-00218,33,75.22,1,Business,True,South,2022-08-07,0,USD,current,0
ACC-00219,65,96.58,0,Business,False,East,2022-08-08,0,USD,current,0
ACC-00220,10,51.02,4,Starter,False,West,2022-08-09,1,USD,current,1
ACC-00221,33,40.55,1,,False,West,2022-08-10,0,USD,current,0
ACC-00222,51,47.1,2,Starter,True,South,2022-08-11,0,USD,current,0
ACC-00223,15,75.23,2,Starter,False,East,2022-08-12,0,USD,current,0
ACC-00224,52,72.46,1,Business,False,North,2022-08-13,0,USD,current,0
ACC-00225,23,,0,Pro,True,East,2022-08-14,1,USD,current,1
ACC-00226,59,44.91,0,Pro,False,North,2022-08-15,0,USD,current,0
ACC-00227,42,77.04,3,Starter,True,North,2022-08-16,0,USD,current,0
ACC-00228,40,43.18,0,Pro,False,East,2022-08-17,1,USD,current,1
ACC-00229,13,83.7,2,Pro,False,North,2022-08-18,1,USD,current,1
ACC-00230,34,112.58,1,Pro,True,South,2022-08-19,0,USD,current,0
ACC-00231,62,70.23,2,Business,True,North,2022-08-20,0,USD,current,0
ACC-00232,2,73.91,0,Starter,False,East,2022-08-21,0,USD,current,0
ACC-00233,55,55.62,3,Starter,True,West,2022-08-22,0,USD,current,0
ACC-00234,36,33.23,0,Pro,True,East,2022-08-23,0,USD,current,0
ACC-00235,52,53.75,1,Business,True,West,2022-08-24,1,USD,current,1
ACC-00236,48,45.42,6,Starter,False,South,2022-08-25,1,USD,current,1
ACC-00237,32,39.4,0,Starter,True,North,2022-08-26,0,USD,current,0
ACC-00238,23,93.28,1,Starter,True,North,2022-08-27,0,USD,current,0
ACC-00239,46,,0,Business,False,North,2022-08-28,0,USD,current,0
ACC-00240,11,70.45,3,Starter,True,North,2022-08-29,0,USD,current,0
ACC-00241,43,58.75,1,Pro,False,South,2022-08-30,0,USD,current,0
ACC-00242,7,61.06,3,Business,False,North,2022-08-31,0,USD,current,0
ACC-00243,47,,1,Starter,False,East,2022-09-01,0,USD,current,0
ACC-00244,46,63.45,2,Pro,True,North,2022-09-02,0,USD,current,0
ACC-00245,7,73.02,1,Pro,False,East,2022-09-03,0,USD,current,0
ACC-00246,55,60.67,1,Pro,False,South,2022-09-04,0,USD,current,0
ACC-00247,30,58.18,2,Starter,True,East,2022-09-05,0,USD,current,0
ACC-00248,57,40.08,1,Starter,True,East,2022-09-06,0,USD,current,0
ACC-00249,3,30.38,1,Starter,True,West,2022-09-07,0,USD,current,0
ACC-00250,13,59.55,3,Pro,True,South,2022-09-08,1,USD,current,1
ACC-00251,36,64.96,1,Pro,True,South,2022-09-09,0,USD,current,0
ACC-00252,14,42.14,0,Starter,True,East,2022-09-10,0,USD,current,0
ACC-00253,24,63.41,4,Starter,True,East,2022-09-11,0,USD,current,0
ACC-00254,48,64.91,2,Business,True,South,2022-09-12,0,USD,current,0
ACC-00255,11,27.35,0,Starter,True,East,2022-09-13,1,USD,current,1
ACC-00256,49,48.44,0,Starter,False,South,2022-09-14,0,USD,current,0
ACC-00257,8,70.92,3,Pro,True,South,2022-09-15,0,USD,current,0
ACC-00258,13,70.58,1,Starter,True,South,2022-09-16,0,USD,current,0
ACC-00259,43,44.39,1,Starter,True,West,2022-09-17,0,USD,current,0
ACC-00260,58,66.69,0,Pro,True,East,2022-09-18,0,USD,current,0
ACC-00261,13,81.38,2,Starter,True,North,2022-09-19,0,USD,current,0
ACC-00262,22,77.21,1,Pro,True,West,2022-09-20,1,USD,current,1
ACC-00263,67,62.38,1,Pro,False,East,2022-09-21,0,USD,current,0
ACC-00264,72,56.04,4,Pro,False,North,2022-09-22,0,USD,current,0
ACC-00265,42,,2,Starter,False,East,2022-09-23,0,USD,current,0
ACC-00266,33,71.95,2,Pro,False,East,2022-09-24,1,USD,current,1
ACC-00267,25,67.32,2,Starter,False,West,2022-09-25,0,USD,current,0
ACC-00268,45,74.7,3,Pro,True,South,2022-09-26,0,USD,current,0
ACC-00269,43,66.24,2,Starter,False,East,2022-09-27,0,USD,current,0
ACC-00270,22,77.92,1,Pro,False,South,2022-09-28,0,USD,current,0
ACC-00271,2,65.61,0,Starter,False,South,2022-09-29,0,USD,current,0
ACC-00272,11,77.34,3,Starter,False,East,2022-09-30,1,USD,current,1
ACC-00273,70,78.8,3,Pro,True,West,2022-10-01,0,USD,current,0
ACC-00274,31,50.32,2,Starter,False,West,2022-10-02,0,USD,current,0
ACC-00275,35,33.26,0,Starter,False,West,2022-10-03,0,USD,current,0
ACC-00276,34,90.24,2,Pro,True,East,2022-10-04,0,USD,current,0
ACC-00277,57,68.36,4,Pro,True,East,2022-10-05,0,USD,current,0
ACC-00278,5,34.85,1,Starter,False,South,2022-10-06,0,USD,current,0
ACC-00279,6,51.87,3,Business,True,West,2022-10-07,0,USD,current,0
ACC-00280,20,77.12,3,Pro,True,South,2022-10-08,0,USD,current,0
ACC-00281,36,59.25,2,Business,True,South,2022-10-09,0,USD,current,0
ACC-00282,49,,1,Pro,False,West,2022-10-10,0,USD,current,0
ACC-00283,36,87.81,0,,True,East,2022-10-11,0,USD,current,0
ACC-00284,32,46.2,0,Pro,True,South,2022-10-12,0,USD,current,0
ACC-00285,68,50.43,3,Pro,True,West,2022-10-13,0,USD,current,0
ACC-00286,12,67.59,1,Business,True,West,2022-10-14,0,USD,current,0
ACC-00287,42,70.64,2,Starter,False,South,2022-10-15,0,USD,current,0
ACC-00288,40,72.44,1,Starter,False,East,2022-10-16,0,USD,current,0
ACC-00289,35,79.49,1,Starter,False,South,2022-10-17,0,USD,current,0
ACC-00290,59,67.38,1,Business,False,East,2022-10-18,0,USD,current,0
ACC-00291,20,72.32,1,Starter,False,West,2022-10-19,0,USD,current,0
ACC-00292,69,59.59,4,Pro,True,East,2022-10-20,0,USD,current,0
ACC-00293,24,65.07,1,Pro,False,West,2022-10-21,0,USD,current,0
ACC-00294,40,65.83,3,Business,True,East,2022-10-22,0,USD,current,0
ACC-00295,38,67.66,3,Starter,False,West,2022-10-23,1,USD,current,1
ACC-00296,62,77.13,3,Pro,False,South,2022-10-24,0,USD,current,0
ACC-00297,32,73.44,2,Business,True,South,2022-10-25,1,USD,current,1
ACC-00298,21,64.75,3,Starter,False,South,2022-10-26,0,USD,current,0
ACC-00299,2,50.24,5,Pro,False,West,2022-10-27,1,USD,current,1
ACC-00300,27,65.15,1,Starter,True,East,2022-10-28,0,USD,current,0
ACC-00301,60,63.52,1,Pro,False,North,2022-10-29,0,USD,current,0
ACC-00302,1,67.28,2,Pro,True,North,2022-10-30,1,USD,current,1
ACC-00303,65,101.51,2,Starter,True,East,2022-10-31,0,USD,current,0
ACC-00304,40,55.1,0,Starter,True,West,2022-11-01,1,USD,current,1
ACC-00305,11,71.18,3,Starter,True,South,2022-11-02,0,USD,current,0
ACC-00306,22,,1,Starter,False,East,2022-11-03,1,USD,current,1
ACC-00307,40,65.67,2,Pro,False,West,2022-11-04,1,USD,current,1
ACC-00308,23,103.74,0,Starter,False,East,2022-11-05,0,USD,current,0
ACC-00309,8,57.57,4,Starter,False,West,2022-11-06,1,USD,current,1
ACC-00310,48,69.51,0,Pro,False,East,2022-11-07,0,USD,current,0
ACC-00311,49,50.42,2,Pro,True,East,2022-11-08,0,USD,current,0
ACC-00312,9,58.02,1,Pro,True,West,2022-11-09,1,USD,current,1
ACC-00313,21,68.23,1,Business,False,East,2022-11-10,0,USD,current,0
ACC-00314,18,78.39,2,Starter,False,North,2022-11-11,0,USD,current,0
ACC-00315,48,69.42,5,Pro,True,South,2022-11-12,0,USD,current,0
ACC-00316,53,85.4,3,Starter,False,North,2022-11-13,0,USD,current,0
ACC-00317,53,62.39,1,Pro,True,East,2022-11-14,1,USD,current,1
ACC-00318,68,58.35,2,Business,True,North,2022-11-15,0,USD,current,0
ACC-00319,56,,3,Pro,True,East,2022-11-16,1,USD,current,1
ACC-00320,24,70.7,4,,True,South,2022-11-17,1,USD,current,1
ACC-00321,8,51.77,1,Pro,True,North,2022-11-18,0,USD,current,0
ACC-00322,45,52.2,0,Starter,False,North,2022-11-19,0,USD,current,0
ACC-00323,66,47.97,1,Pro,False,East,2022-11-20,0,USD,current,0
ACC-00324,71,79.92,0,Pro,False,North,2022-11-21,0,USD,current,0
ACC-00325,17,57.81,0,Business,True,West,2022-11-22,0,USD,current,0
ACC-00326,18,66.17,2,Pro,False,West,2022-11-23,1,USD,current,1
ACC-00327,3,62.92,2,Starter,False,East,2022-11-24,0,USD,current,0
ACC-00328,11,76.44,0,Pro,True,North,2022-11-25,1,USD,current,1
ACC-00329,40,,4,Starter,True,West,2022-11-26,1,USD,current,1
ACC-00330,40,45.72,2,Starter,True,East,2022-11-27,0,USD,current,0
ACC-00331,27,67.81,3,Starter,False,South,2022-11-28,0,USD,current,0
ACC-00332,23,74.22,1,Pro,False,North,2022-11-29,0,USD,current,0
ACC-00333,60,69.65,1,Starter,False,East,2022-11-30,0,USD,current,0
ACC-00334,34,50.24,0,Starter,False,West,2022-12-01,0,USD,current,0
ACC-00335,59,,0,Starter,False,North,2022-12-02,0,USD,current,0
ACC-00336,70,51.35,0,Business,True,North,2022-12-03,0,USD,current,0
ACC-00337,23,55.13,0,Pro,False,South,2022-12-04,0,USD,current,0
ACC-00338,15,47.95,3,Starter,True,East,2022-12-05,0,USD,current,0
ACC-00339,69,86.12,2,Starter,False,South,2022-12-06,0,USD,current,0
ACC-00340,46,74.77,3,Pro,False,South,2022-12-07,0,USD,current,0
ACC-00341,21,74.28,1,Starter,False,South,2022-12-08,0,USD,current,0
ACC-00342,45,85.2,2,Pro,True,North,2022-12-09,0,USD,current,0
ACC-00343,38,111.82,3,Starter,False,North,2022-12-10,0,USD,current,0
ACC-00344,66,34.94,0,Business,False,North,2022-12-11,0,USD,current,0
ACC-00345,19,51.45,2,Starter,False,East,2022-12-12,1,USD,current,1
ACC-00346,72,53.53,3,Pro,False,West,2022-12-13,0,USD,current,0
ACC-00347,68,49.54,1,Starter,True,South,2022-12-14,0,USD,current,0
ACC-00348,14,,1,Business,True,North,2022-12-15,0,USD,current,0
ACC-00349,12,,2,Business,True,South,2022-12-16,0,USD,current,0
ACC-00350,39,43.32,0,Pro,False,West,2022-12-17,0,USD,current,0
ACC-00351,4,,1,Pro,True,North,2022-12-18,0,USD,current,0
ACC-00352,22,,1,Starter,False,South,2022-12-19,1,USD,current,1
ACC-00353,32,72.18,2,Pro,True,East,2022-12-20,1,USD,current,1
ACC-00354,70,72.63,1,Pro,False,South,2022-12-21,0,USD,current,0
ACC-00355,72,74.25,1,Starter,True,South,2022-12-22,0,USD,current,0
ACC-00356,11,57.65,0,,False,South,2022-12-23,0,USD,current,0
ACC-00357,65,100.06,1,Pro,True,South,2022-12-24,1,USD,current,1
ACC-00358,7,67.99,0,Pro,True,East,2022-12-25,0,USD,current,0
ACC-00359,54,32.34,1,Pro,False,East,2022-12-26,0,USD,current,0
ACC-00360,61,46.96,0,Pro,True,North,2022-12-27,0,USD,current,0
ACC-00361,65,34.41,0,Pro,True,North,2022-12-28,0,USD,current,0
ACC-00362,17,64.29,2,Starter,True,South,2022-12-29,0,USD,current,0
ACC-00363,65,61.93,0,Starter,False,West,2022-12-30,0,USD,current,0
ACC-00364,9,56.04,1,Starter,True,North,2022-12-31,0,USD,current,0
ACC-00365,38,98.19,1,Pro,True,North,2023-01-01,0,USD,current,0
ACC-00366,34,73.33,2,Starter,False,East,2023-01-02,0,USD,current,0
ACC-00367,23,76.34,0,Starter,False,South,2023-01-03,0,USD,current,0
ACC-00368,2,48.17,0,Starter,True,North,2023-01-04,0,USD,current,0
ACC-00369,56,47.01,1,Starter,True,North,2023-01-05,0,USD,current,0
ACC-00370,25,64.63,5,Pro,True,East,2023-01-06,1,USD,current,1
ACC-00371,48,66.94,1,Starter,True,East,2023-01-07,0,USD,current,0
ACC-00372,30,32.44,3,Starter,False,East,2023-01-08,0,USD,current,0
ACC-00373,27,60.93,4,Pro,True,South,2023-01-09,0,USD,current,0
ACC-00374,64,64.24,2,Starter,False,East,2023-01-10,0,USD,current,0
ACC-00375,7,60.34,1,Starter,False,West,2023-01-11,0,USD,current,0
ACC-00376,54,50.17,0,Starter,True,South,2023-01-12,0,USD,current,0
ACC-00377,54,54.83,2,Pro,True,South,2023-01-13,0,USD,current,0
ACC-00378,28,60.99,1,Starter,True,North,2023-01-14,0,USD,current,0
ACC-00379,19,65.54,4,Pro,False,East,2023-01-15,1,USD,current,1
ACC-00380,1,74.28,2,Business,False,North,2023-01-16,1,USD,current,1
ACC-00381,68,82.37,2,Pro,True,North,2023-01-17,1,USD,current,1
ACC-00382,69,59.0,1,Starter,True,East,2023-01-18,0,USD,current,0
ACC-00383,18,56.25,0,,False,North,2023-01-19,0,USD,current,0
ACC-00384,3,71.44,0,Pro,True,West,2023-01-20,0,USD,current,0
ACC-00385,9,74.38,2,Starter,True,South,2023-01-21,0,USD,current,0
ACC-00386,5,56.62,2,Pro,True,South,2023-01-22,1,USD,current,1
ACC-00387,60,77.44,4,Starter,False,East,2023-01-23,0,USD,current,0
ACC-00388,65,80.65,3,Starter,False,East,2023-01-24,0,USD,current,0
ACC-00389,12,85.96,0,Starter,True,South,2023-01-25,0,USD,current,0
ACC-00390,54,94.23,0,Starter,True,West,2023-01-26,0,USD,current,0
ACC-00391,13,49.27,2,Starter,True,West,2023-01-27,0,USD,current,0
ACC-00392,27,64.24,3,,False,North,2023-01-28,0,USD,current,0
ACC-00393,44,,0,Business,True,East,2023-01-29,0,USD,current,0
ACC-00394,52,62.33,3,Starter,True,South,2023-01-30,1,USD,current,1
ACC-00395,63,52.96,1,Pro,True,West,2023-01-31,0,USD,current,0
ACC-00396,4,38.75,0,Pro,False,South,2023-02-01,0,USD,current,0
ACC-00397,15,65.58,3,Starter,True,South,2023-02-02,0,USD,current,0
ACC-00398,21,50.94,2,Starter,False,East,2023-02-03,0,USD,current,0
ACC-00399,23,65.46,2,Starter,False,West,2023-02-04,0,USD,current,0
ACC-00400,72,50.5,0,Starter,False,North,2023-02-05,0,USD,current,0
ACC-00401,56,45.31,4,Starter,True,East,2023-02-06,1,USD,current,1
ACC-00402,24,67.98,1,Starter,True,South,2023-02-07,1,USD,current,1
ACC-00403,70,66.57,1,Pro,True,East,2023-02-08,0,USD,current,0
ACC-00404,36,73.85,2,Starter,True,East,2023-02-09,0,USD,current,0
ACC-00405,37,101.16,2,Starter,False,West,2023-02-10,0,USD,current,0
ACC-00406,32,68.71,2,Starter,True,West,2023-02-11,0,USD,current,0
ACC-00407,11,72.25,0,Pro,True,East,2023-02-12,1,USD,current,1
ACC-00408,68,45.68,2,Starter,False,East,2023-02-13,0,USD,current,0
ACC-00409,2,42.12,0,Pro,True,West,2023-02-14,0,USD,current,0
ACC-00410,13,90.91,2,Starter,True,North,2023-02-15,1,USD,current,1
ACC-00411,17,48.3,0,Starter,False,East,2023-02-16,0,USD,current,0
ACC-00412,21,46.25,0,Business,False,West,2023-02-17,0,USD,current,0
ACC-00413,10,63.34,1,Starter,False,North,2023-02-18,0,USD,current,0
ACC-00414,2,62.47,4,Starter,True,West,2023-02-19,1,USD,current,1
ACC-00415,49,48.66,3,Starter,False,East,2023-02-20,0,USD,current,0
ACC-00416,70,58.82,1,Business,False,South,2023-02-21,0,USD,current,0
ACC-00417,9,84.9,3,Pro,True,South,2023-02-22,1,USD,current,1
ACC-00418,22,50.3,2,Pro,True,South,2023-02-23,0,USD,current,0
ACC-00419,37,40.31,0,Business,False,West,2023-02-24,0,USD,current,0
ACC-00420,67,80.02,2,Starter,True,West,2023-02-25,0,USD,current,0
ACC-00421,50,72.37,0,Business,True,West,2023-02-26,0,USD,current,0
ACC-00422,56,53.45,1,Starter,False,East,2023-02-27,0,USD,current,0
ACC-00423,42,37.1,3,Pro,False,North,2023-02-28,0,USD,current,0
ACC-00424,31,51.34,1,Starter,True,West,2023-03-01,0,USD,current,0
ACC-00425,15,63.07,2,Starter,False,North,2023-03-02,0,USD,current,0
ACC-00426,63,83.82,2,Business,False,North,2023-03-03,0,USD,current,0
ACC-00427,58,46.38,6,Starter,False,North,2023-03-04,0,USD,current,0
ACC-00428,2,62.56,5,Business,True,West,2023-03-05,1,USD,current,1
ACC-00429,52,75.48,2,Starter,True,South,2023-03-06,0,USD,current,0
ACC-00430,7,23.52,1,Pro,False,North,2023-03-07,0,USD,current,0
ACC-00431,54,81.57,0,Business,True,North,2023-03-08,0,USD,current,0
ACC-00432,60,43.9,0,Starter,False,South,2023-03-09,0,USD,current,0
ACC-00433,10,69.64,3,Business,False,East,2023-03-10,1,USD,current,1
ACC-00434,32,68.19,0,,True,West,2023-03-11,0,USD,current,0
ACC-00435,9,82.44,0,Pro,False,East,2023-03-12,1,USD,current,1
ACC-00436,41,73.37,1,Starter,False,East,2023-03-13,0,USD,current,0
ACC-00437,67,23.59,1,Pro,False,West,2023-03-14,1,USD,current,1
ACC-00438,6,50.66,3,Pro,False,West,2023-03-15,1,USD,current,1
ACC-00439,29,66.35,0,Pro,False,South,2023-03-16,1,USD,current,1
ACC-00440,71,60.69,0,Starter,False,West,2023-03-17,0,USD,current,0
ACC-00441,22,72.12,0,Starter,False,East,2023-03-18,0,USD,current,0
ACC-00442,10,77.42,3,Business,False,West,2023-03-19,0,USD,current,0
ACC-00443,36,74.34,0,Starter,True,North,2023-03-20,0,USD,current,0
ACC-00444,37,,4,Pro,True,North,2023-03-21,1,USD,current,1
ACC-00445,48,32.61,0,Business,True,West,2023-03-22,0,USD,current,0
ACC-00446,23,56.26,1,Starter,False,East,2023-03-23,1,USD,current,1
ACC-00447,69,71.08,3,Starter,True,North,2023-03-24,0,USD,current,0
ACC-00448,38,,0,Pro,False,West,2023-03-25,0,USD,current,0
ACC-00449,21,74.73,2,Starter,True,North,2023-03-26,0,USD,current,0
ACC-00450,70,79.44,1,Pro,True,East,2023-03-27,0,USD,current,0
ACC-00451,67,66.16,1,Pro,True,North,2023-03-28,0,USD,current,0
ACC-00452,36,15.0,1,Pro,False,North,2023-03-29,0,USD,current,0
ACC-00453,2,42.27,0,Starter,False,West,2023-03-30,0,USD,current,0
ACC-00454,43,96.07,2,Pro,False,West,2023-03-31,0,USD,current,0
ACC-00455,40,54.71,3,Pro,False,North,2023-04-01,0,USD,current,0
ACC-00456,11,30.27,1,Starter,True,North,2023-04-02,0,USD,current,0
ACC-00457,46,85.0,1,Pro,False,East,2023-04-03,0,USD,current,0
ACC-00458,61,64.23,1,Business,True,North,2023-04-04,0,USD,current,0
ACC-00459,8,82.78,3,Pro,True,East,2023-04-05,1,USD,current,1
ACC-00460,53,68.71,0,Pro,False,West,2023-04-06,0,USD,current,0
ACC-00461,11,71.8,3,Starter,False,West,2023-04-07,0,USD,current,0
ACC-00462,54,70.17,3,Starter,True,North,2023-04-08,0,USD,current,0
ACC-00463,31,75.86,3,Starter,False,North,2023-04-09,0,USD,current,0
ACC-00464,1,102.72,2,Starter,True,East,2023-04-10,0,USD,current,0
ACC-00465,70,80.51,2,Business,False,North,2023-04-11,1,USD,current,1
ACC-00466,12,37.13,1,Starter,False,East,2023-04-12,0,USD,current,0
ACC-00467,43,71.59,0,Pro,False,South,2023-04-13,0,USD,current,0
ACC-00468,14,83.41,3,Starter,False,East,2023-04-14,0,USD,current,0
ACC-00469,68,84.45,0,Starter,False,North,2023-04-15,0,USD,current,0
ACC-00470,54,56.75,1,Starter,True,West,2023-04-16,0,USD,current,0
ACC-00471,58,83.8,0,Starter,False,East,2023-04-17,0,USD,current,0
ACC-00472,32,79.77,1,Pro,True,North,2023-04-18,1,USD,current,1
ACC-00473,34,107.73,3,,True,South,2023-04-19,0,USD,current,0
ACC-00474,46,51.25,1,Business,False,North,2023-04-20,0,USD,current,0
ACC-00475,57,55.37,0,Starter,False,South,2023-04-21,0,USD,current,0
ACC-00476,61,58.8,1,Pro,True,South,2023-04-22,0,USD,current,0
ACC-00477,2,55.67,0,Starter,True,North,2023-04-23,0,USD,current,0
ACC-00478,48,,2,Business,False,East,2023-04-24,0,USD,current,0
ACC-00479,8,,4,Pro,True,East,2023-04-25,0,USD,current,0
ACC-00480,21,56.61,1,Starter,True,North,2023-04-26,0,USD,current,0
ACC-00481,60,70.28,1,Starter,True,North,2023-04-27,0,USD,current,0
ACC-00482,19,55.62,1,Starter,True,North,2023-04-28,1,USD,current,1
ACC-00483,58,96.9,1,Starter,False,East,2023-04-29,0,USD,current,0
ACC-00484,34,,1,Business,False,South,2023-04-30,0,USD,current,0
ACC-00485,17,85.95,0,Pro,False,North,2023-05-01,0,USD,current,0
ACC-00486,25,68.44,1,Business,True,North,2023-05-02,0,USD,current,0
ACC-00487,39,78.05,1,Starter,False,West,2023-05-03,1,USD,current,1
ACC-00488,56,68.75,4,Pro,False,South,2023-05-04,0,USD,current,0
ACC-00489,44,87.27,5,Starter,True,East,2023-05-05,0,USD,current,0
ACC-00490,68,64.95,0,Pro,True,South,2023-05-06,0,USD,current,0
ACC-00491,63,72.43,0,Starter,True,North,2023-05-07,0,USD,current,0
ACC-00492,55,70.23,2,Starter,False,South,2023-05-08,0,USD,current,0
ACC-00493,44,59.1,3,,False,North,2023-05-09,1,USD,current,1
ACC-00494,21,70.88,1,Starter,True,East,2023-05-10,0,USD,current,0
ACC-00495,30,101.98,5,Pro,True,South,2023-05-11,0,USD,current,0
ACC-00496,9,59.4,1,Pro,True,South,2023-05-12,0,USD,current,0
ACC-00497,27,71.13,2,Starter,False,North,2023-05-13,0,USD,current,0
ACC-00498,67,85.38,1,Business,True,West,2023-05-14,0,USD,current,0
ACC-00499,31,83.38,0,Pro,True,North,2023-05-15,0,USD,current,0
ACC-00500,9,64.2,0,Pro,True,East,2023-05-16,0,USD,current,0
ACC-00501,47,,4,Pro,False,West,2023-05-17,1,USD,current,1
ACC-00502,70,72.78,0,Pro,True,East,2023-05-18,0,USD,current,0
ACC-00503,63,26.27,2,Pro,False,East,2023-05-19,0,USD,current,0
ACC-00504,20,88.99,0,,False,West,2023-05-20,0,USD,current,0
ACC-00505,33,66.88,2,Pro,False,North,2023-05-21,0,USD,current,0
ACC-00506,39,80.99,2,Starter,True,West,2023-05-22,1,USD,current,1
ACC-00507,18,48.66,1,Starter,True,East,2023-05-23,0,USD,current,0
ACC-00508,20,37.61,1,Pro,True,South,2023-05-24,0,USD,current,0
ACC-00509,18,68.43,3,Starter,False,South,2023-05-25,1,USD,current,1
ACC-00510,72,63.43,0,Starter,False,East,2023-05-26,0,USD,current,0
ACC-00511,54,55.64,2,Starter,False,West,2023-05-27,0,USD,current,0
ACC-00512,61,,1,Pro,False,East,2023-05-28,0,USD,current,0
ACC-00513,59,111.05,1,Starter,False,North,2023-05-29,0,USD,current,0
ACC-00514,70,78.19,2,Pro,True,South,2023-05-30,0,USD,current,0
ACC-00515,8,81.84,0,Pro,False,East,2023-05-31,1,USD,current,1
ACC-00516,64,78.35,0,Pro,False,South,2023-06-01,0,USD,current,0
ACC-00517,5,89.15,1,,True,West,2023-06-02,1,USD,current,1
ACC-00518,35,60.77,4,Pro,False,East,2023-06-03,0,USD,current,0
ACC-00519,43,,2,Pro,True,North,2023-06-04,0,USD,current,0
ACC-00520,26,60.79,2,Pro,True,East,2023-06-05,1,USD,current,1
ACC-00521,11,77.8,1,Pro,True,North,2023-06-06,1,USD,current,1
ACC-00522,14,47.51,0,,True,South,2023-06-07,1,USD,current,1
ACC-00523,60,,1,Business,True,South,2023-06-08,1,USD,current,1
ACC-00524,23,,3,Starter,True,West,2023-06-09,0,USD,current,0
ACC-00525,23,89.53,1,Pro,False,West,2023-06-10,0,USD,current,0
ACC-00526,67,76.74,0,Pro,True,South,2023-06-11,0,USD,current,0
ACC-00527,11,75.08,2,Starter,True,East,2023-06-12,0,USD,current,0
ACC-00528,66,74.57,2,Pro,False,East,2023-06-13,0,USD,current,0
ACC-00529,67,63.37,0,Starter,True,East,2023-06-14,0,USD,current,0
ACC-00530,44,67.36,2,Pro,True,East,2023-06-15,0,USD,current,0
ACC-00531,12,43.85,3,Pro,True,West,2023-06-16,0,USD,current,0
ACC-00532,12,26.83,0,Starter,False,West,2023-06-17,0,USD,current,0
ACC-00533,21,66.55,2,Starter,True,West,2023-06-18,0,USD,current,0
ACC-00534,42,69.51,1,Pro,False,North,2023-06-19,0,USD,current,0
ACC-00535,12,,5,Starter,True,South,2023-06-20,1,USD,current,1
ACC-00536,33,90.71,3,Business,True,South,2023-06-21,0,USD,current,0
ACC-00537,9,90.69,0,Pro,False,East,2023-06-22,0,USD,current,0
ACC-00538,39,47.03,1,Pro,False,East,2023-06-23,0,USD,current,0
ACC-00539,2,58.01,2,Starter,True,East,2023-06-24,0,USD,current,0
ACC-00540,52,72.17,2,Pro,True,South,2023-06-25,0,USD,current,0
ACC-00541,4,107.04,3,Business,False,South,2023-06-26,1,USD,current,1
ACC-00542,15,89.16,5,Starter,True,South,2023-06-27,1,USD,current,1
ACC-00543,13,83.03,3,,True,West,2023-06-28,0,USD,current,0
ACC-00544,60,,2,Starter,False,South,2023-06-29,1,USD,current,1
ACC-00545,4,48.99,4,Starter,True,North,2023-06-30,0,USD,current,0
ACC-00546,31,77.41,2,Pro,False,West,2023-07-01,0,USD,current,0
ACC-00547,43,45.29,2,Pro,False,North,2023-07-02,0,USD,current,0
ACC-00548,38,59.95,1,Pro,False,East,2023-07-03,0,USD,current,0
ACC-00549,50,62.05,2,Starter,True,West,2023-07-04,0,USD,current,0
ACC-00550,58,91.08,2,Starter,True,South,2023-07-05,0,USD,current,0
ACC-00551,29,57.97,2,Starter,True,South,2023-07-06,1,USD,current,1
ACC-00552,60,,1,Business,True,South,2023-07-07,0,USD,current,0
ACC-00553,23,72.58,3,Pro,False,North,2023-07-08,1,USD,current,1
ACC-00554,71,52.12,2,Starter,False,North,2023-07-09,0,USD,current,0
ACC-00555,37,64.72,1,Pro,False,North,2023-07-10,0,USD,current,0
ACC-00556,53,62.53,4,,False,South,2023-07-11,1,USD,current,1
ACC-00557,64,59.35,2,Starter,False,East,2023-07-12,0,USD,current,0
ACC-00558,58,77.44,0,,True,North,2023-07-13,0,USD,current,0
ACC-00559,62,37.94,3,Business,True,West,2023-07-14,0,USD,current,0
ACC-00560,39,55.21,0,Pro,True,East,2023-07-15,0,USD,current,0
ACC-00561,4,75.63,4,Pro,False,North,2023-07-16,0,USD,current,0
ACC-00562,36,53.56,1,Starter,True,West,2023-07-17,0,USD,current,0
ACC-00563,14,36.65,0,Starter,False,North,2023-07-18,0,USD,current,0
ACC-00564,65,75.37,0,Pro,True,East,2023-07-19,0,USD,current,0
ACC-00565,18,83.09,1,Starter,False,South,2023-07-20,0,USD,current,0
ACC-00566,17,63.24,0,Business,False,East,2023-07-21,0,USD,current,0
ACC-00567,18,30.67,5,Pro,True,West,2023-07-22,1,USD,current,1
ACC-00568,47,76.0,2,Starter,True,West,2023-07-23,0,USD,current,0
ACC-00569,42,35.78,1,Pro,True,South,2023-07-24,0,USD,current,0
ACC-00570,69,,0,Business,True,East,2023-07-25,0,USD,current,0
ACC-00571,30,48.91,2,Pro,True,West,2023-07-26,0,USD,current,0
ACC-00572,21,44.28,2,Pro,False,East,2023-07-27,0,USD,current,0
ACC-00573,4,56.49,2,Business,True,West,2023-07-28,0,USD,current,0
ACC-00574,1,60.88,2,Starter,True,South,2023-07-29,1,USD,current,1
ACC-00575,27,,2,Business,False,South,2023-07-30,0,USD,current,0
ACC-00576,67,,1,Starter,False,East,2023-07-31,0,USD,current,0
ACC-00577,38,56.42,3,Pro,True,West,2023-08-01,0,USD,current,0
ACC-00578,65,80.66,0,Pro,False,West,2023-08-02,0,USD,current,0
ACC-00579,8,68.78,3,Pro,True,East,2023-08-03,0,USD,current,0
ACC-00580,7,,1,Pro,True,East,2023-08-04,0,USD,current,0
ACC-00581,61,49.28,0,Pro,True,East,2023-08-05,0,USD,current,0
ACC-00582,8,35.99,1,Starter,True,South,2023-08-06,0,USD,current,0
ACC-00583,4,68.94,1,,True,South,2023-08-07,1,USD,current,1
ACC-00584,30,57.97,3,Starter,False,South,2023-08-08,0,USD,current,0
ACC-00585,67,23.67,3,Pro,True,West,2023-08-09,0,USD,current,0
ACC-00586,50,,3,Starter,True,East,2023-08-10,1,USD,current,1
ACC-00587,8,48.68,3,Starter,True,West,2023-08-11,1,USD,current,1
ACC-00588,61,90.79,3,Business,True,North,2023-08-12,0,USD,current,0
ACC-00589,61,35.05,1,Starter,True,West,2023-08-13,0,USD,current,0
ACC-00590,58,39.5,0,Starter,False,East,2023-08-14,0,USD,current,0
ACC-00591,65,82.87,3,Starter,False,West,2023-08-15,0,USD,current,0
ACC-00592,18,87.06,1,Starter,False,South,2023-08-16,0,USD,current,0
ACC-00593,71,51.34,1,Pro,True,South,2023-08-17,0,USD,current,0
ACC-00594,24,53.25,2,Starter,False,North,2023-08-18,0,USD,current,0
ACC-00595,58,74.48,2,Starter,False,West,2023-08-19,0,USD,current,0
ACC-00596,42,24.44,5,Business,False,East,2023-08-20,0,USD,current,0
ACC-00597,57,,1,Pro,True,West,2023-08-21,0,USD,legacy,0
ACC-00598,46,59.23,1,Pro,False,North,2023-08-22,0,USD,legacy,0
ACC-00599,47,90.35,6,Business,True,North,2023-08-23,0,USD,legacy,0
ACC-00000,7,74.96,1,Starter,False,East,2022-01-01,1,USD,current,1
ACC-00001,56,49.05,3,Starter,False,North,2022-01-02,0,USD,current,0
ACC-00002,48,75.45,2,Starter,True,West,2022-01-03,0,USD,current,0
ACC-00003,32,78.63,0,Starter,True,North,2022-01-04,0,USD,current,0
ACC-00004,32,,1,Business,False,East,2022-01-05,0,USD,current,0
ACC-00005,62,49.11,1,Pro,False,North,2022-01-06,0,USD,current,0
ACC-00006,7,60.15,1,Starter,True,East,2022-01-07,0,USD,current,0
ACC-00007,51,76.7,2,Starter,True,South,2022-01-08,0,USD,current,0
ACC-00008,15,64.98,3,Starter,False,West,2022-01-09,1,USD,current,1
ACC-00009,7,45.01,4,Pro,True,East,2022-01-10,1,USD,current,1
ACC-00010,38,850.0,1,,True,South,2022-01-11,0,USD,current,0
ACC-00011,71,73.84,1,Pro,False,North,2022-01-12,0,USD,current,0
