account_id,tenure_months,monthly_charge,support_tickets,plan,autopay,region,joined_date,annual_value,currency,legacy_flag,target_copy_review
ACC-00000,7,74.96,1,Starter,False,East,2022-01-01,920.38,USD,current,920.38
ACC-00001,56,49.05,3,Starter,False,North,2022-01-02,640.85,USD,current,640.85
ACC-00002,48,75.45,2,Starter,True,West,2022-01-03,752.46,USD,current,752.46
ACC-00003,32,78.63,0,Starter,True,North,2022-01-04,936.84,USD,current,936.84
ACC-00004,32,90.5,1,Business,False,East,2022-01-05,1228.4,USD,current,1228.4
ACC-00005,62,49.11,1,Pro,False,North,2022-01-06,690.4,USD,current,690.4
ACC-00006,7,60.15,1,Starter,True,East,2022-01-07,578.27,USD,current,578.27
ACC-00007,51,76.7,2,Starter,True,South,2022-01-08,1174.47,USD,current,1174.47
ACC-00008,15,64.98,3,Starter,False,West,2022-01-09,717.11,USD,current,717.11
ACC-00009,7,45.01,4,Pro,True,East,2022-01-10,468.66,USD,current,468.66
ACC-00010,38,850.0,1,Starter,True,South,2022-01-11,934.54,USD,current,934.54
ACC-00011,71,73.84,1,Pro,False,North,2022-01-12,964.96,USD,current,964.96
ACC-00012,53,65.5,2,Pro,True,East,2022-01-13,766.46,USD,current,766.46
ACC-00013,55,67.73,1,Starter,True,South,2022-01-14,1083.75,USD,current,1083.75
ACC-00014,52,59.6,1,Pro,False,North,2022-01-15,879.51,USD,current,879.51
ACC-00015,57,89.13,1,Business,True,East,2022-01-16,1227.54,USD,current,1227.54
ACC-00016,37,48.69,6,Starter,False,North,2022-01-17,530.12,USD,current,530.12
ACC-00017,10,54.02,1,Starter,True,North,2022-01-18,547.89,USD,current,547.89
ACC-00018,61,64.19,1,Business,True,North,2022-01-19,977.22,USD,current,977.22
ACC-00019,33,78.94,2,Business,True,South,2022-01-20,877.42,USD,current,877.42
ACC-00020,37,1100.0,3,Pro,False,North,2022-01-21,472.03,USD,current,472.03
ACC-00021,27,41.72,2,Pro,True,North,2022-01-22,347.15,USD,current,347.15
ACC-00022,14,29.36,0,Starter,False,South,2022-01-23,196.63,USD,current,196.63
ACC-00023,67,,0,Pro,True,North,2022-01-24,937.32,USD,current,937.32
ACC-00024,57,44.99,3,Pro,True,North,2022-01-25,491.05,USD,current,491.05
ACC-00025,47,57.46,3,Starter,False,South,2022-01-26,514.53,USD,current,514.53
ACC-00026,29,75.24,1,Pro,False,North,2022-01-27,979.58,USD,current,979.58
ACC-00027,60,53.09,0,Business,False,West,2022-01-28,947.93,USD,current,947.93
ACC-00028,40,67.93,0,,True,South,2022-01-29,1020.24,USD,current,1020.24
ACC-00029,32,58.91,2,Starter,True,West,2022-01-30,687.78,USD,current,687.78
ACC-00030,33,950.0,4,Starter,False,West,2022-01-31,851.91,USD,current,851.91
ACC-00031,17,,4,Business,True,West,2022-02-01,858.82,USD,current,858.82
ACC-00032,7,52.24,2,Business,True,East,2022-02-02,681.84,USD,current,681.84
ACC-00033,40,61.13,2,Pro,False,South,2022-02-03,722.68,USD,current,722.68
ACC-00034,64,81.74,2,Pro,False,East,2022-02-04,1052.0,USD,current,1052.0
ACC-00035,5,70.69,2,Pro,True,North,2022-02-05,825.3,USD,current,825.3
ACC-00036,62,40.25,2,Starter,False,West,2022-02-06,596.87,USD,current,596.87
ACC-00037,60,75.15,4,Starter,False,South,2022-02-07,889.77,USD,current,889.77
ACC-00038,20,,3,Starter,True,North,2022-02-08,485.93,USD,current,485.93
ACC-00039,46,88.01,1,Starter,False,North,2022-02-09,1242.34,USD,current,1242.34
ACC-00040,12,81.41,1,Pro,False,North,2022-02-10,1079.77,USD,current,1079.77
ACC-00041,55,68.93,1,Starter,True,North,2022-02-11,950.1,USD,current,950.1
ACC-00042,51,66.67,2,Starter,True,East,2022-02-12,996.8,USD,current,996.8
ACC-00043,26,60.45,0,Pro,True,North,2022-02-13,742.58,USD,current,742.58
ACC-00044,5,75.53,0,Starter,False,West,2022-02-14,1062.49,USD,current,1062.49
ACC-00045,70,57.7,2,Starter,True,South,2022-02-15,821.19,USD,current,821.19
ACC-00046,33,68.0,1,Pro,True,East,2022-02-16,1146.45,USD,current,1146.45
ACC-00047,65,78.82,5,Starter,True,South,2022-02-17,818.55,USD,current,818.55
ACC-00048,49,54.45,0,Pro,True,North,2022-02-18,689.35,USD,current,689.35
ACC-00049,57,53.52,0,Business,True,North,2022-02-19,793.99,USD,current,793.99
ACC-00050,55,43.7,3,Starter,False,East,2022-02-20,580.1,USD,current,580.1
ACC-00051,15,45.9,0,Business,False,East,2022-02-21,756.36,USD,current,756.36
ACC-00052,27,32.92,1,Business,True,South,2022-02-22,358.85,USD,current,358.85
ACC-00053,34,76.41,1,Pro,True,South,2022-02-23,1036.33,USD,current,1036.33
ACC-00054,36,94.75,2,Pro,True,West,2022-02-24,1253.64,USD,current,1253.64
ACC-00055,4,88.23,1,Pro,False,West,2022-02-25,1100.19,USD,current,1100.19
ACC-00056,40,36.36,2,Pro,False,South,2022-02-26,369.79,USD,current,369.79
ACC-00057,12,76.32,0,Pro,False,North,2022-02-27,1066.57,USD,current,1066.57
ACC-00058,54,88.18,0,Starter,False,South,2022-02-28,1276.75,USD,current,1276.75
ACC-00059,50,56.23,4,Business,True,East,2022-03-01,708.77,USD,current,708.77
ACC-00060,67,65.72,0,Pro,True,East,2022-03-02,941.09,USD,current,941.09
ACC-00061,54,29.87,2,Pro,True,North,2022-03-03,426.74,USD,current,426.74
ACC-00062,27,68.53,3,Starter,False,North,2022-03-04,779.33,USD,current,779.33
ACC-00063,70,45.92,2,Starter,True,South,2022-03-05,688.7,USD,current,688.7
ACC-00064,30,67.39,0,Pro,True,West,2022-03-06,871.53,USD,current,871.53
ACC-00065,24,37.46,0,Pro,False,North,2022-03-07,421.15,USD,current,421.15
ACC-00066,66,73.23,1,Starter,False,South,2022-03-08,886.37,USD,current,886.37
ACC-00067,27,81.42,2,Starter,True,North,2022-03-09,903.32,USD,current,903.32
ACC-00068,6,50.69,1,Starter,False,North,2022-03-10,610.22,USD,current,610.22
ACC-00069,34,44.67,1,Pro,False,East,2022-03-11,571.64,USD,current,571.64
ACC-00070,58,,1,Starter,False,South,2022-03-12,433.55,USD,current,433.55
ACC-00071,14,,1,Business,False,South,2022-03-13,756.72,USD,current,756.72
ACC-00072,34,54.11,1,Starter,True,West,2022-03-14,630.9,USD,current,630.9
ACC-00073,10,37.63,3,Starter,False,North,2022-03-15,513.5,USD,current,513.5
ACC-00074,50,71.7,2,Starter,False,North,2022-03-16,876.32,USD,current,876.32
ACC-00075,35,56.35,2,Pro,False,West,2022-03-17,647.2,USD,current,647.2
ACC-00076,24,45.71,4,Pro,False,East,2022-03-18,519.96,USD,current,519.96
ACC-00077,17,54.57,2,Pro,False,North,2022-03-19,463.58,USD,current,463.58
ACC-00078,41,82.21,2,Business,False,South,2022-03-20,937.4,USD,current,937.4
ACC-00079,49,74.25,0,Starter,False,East,2022-03-21,1077.3,USD,current,1077.3
ACC-00080,68,61.79,1,Pro,False,South,2022-03-22,691.11,USD,current,691.11
ACC-00081,32,,1,Starter,False,East,2022-03-23,1028.88,USD,current,1028.88
ACC-00082,12,44.26,0,Starter,True,East,2022-03-24,691.18,USD,current,691.18
ACC-00083,60,64.55,2,Pro,False,South,2022-03-25,801.35,USD,current,801.35
ACC-00084,46,66.5,3,Starter,True,West,2022-03-26,826.32,USD,current,826.32
ACC-00085,51,56.01,1,Pro,False,South,2022-03-27,844.87,USD,current,844.87
ACC-00086,8,71.4,4,Pro,False,West,2022-03-28,710.82,USD,current,710.82
ACC-00087,23,50.73,2,Pro,False,North,2022-03-29,672.89,USD,current,672.89
ACC-00088,56,72.67,1,Pro,False,South,2022-03-30,893.6,USD,current,893.6
ACC-00089,60,73.38,1,Pro,True,East,2022-03-31,927.59,USD,current,927.59
ACC-00090,32,15.0,0,Starter,True,West,2022-04-01,172.06,USD,current,172.06
ACC-00091,58,84.24,0,Starter,False,North,2022-04-02,1157.66,USD,current,1157.66
ACC-00092,61,15.0,5,Starter,False,West,2022-04-03,256.22,USD,current,256.22
ACC-00093,28,53.53,1,Pro,False,North,2022-04-04,651.76,USD,current,651.76
ACC-00094,65,81.43,0,Business,False,South,2022-04-05,992.76,USD,current,992.76
ACC-00095,21,58.61,2,Starter,False,South,2022-04-06,587.83,USD,current,587.83
ACC-00096,18,39.07,0,Pro,True,South,2022-04-07,540.41,USD,current,540.41
ACC-00097,50,45.41,0,Pro,True,West,2022-04-08,810.85,USD,current,810.85
ACC-00098,46,81.46,1,Pro,False,East,2022-04-09,1074.92,USD,current,1074.92
ACC-00099,11,31.33,1,Pro,False,West,2022-04-10,333.19,USD,current,333.19
ACC-00100,60,83.19,2,Pro,False,South,2022-04-11,1127.27,USD,current,1127.27
ACC-00101,15,63.06,0,Pro,False,West,2022-04-12,765.2,USD,current,765.2
ACC-00102,58,,2,Business,False,South,2022-04-13,546.71,USD,current,546.71
ACC-00103,1,54.09,3,Starter,False,East,2022-04-14,474.78,USD,current,474.78
ACC-00104,58,46.71,1,Business,False,East,2022-04-15,773.25,USD,current,773.25
ACC-00105,57,78.73,2,Starter,True,East,2022-04-16,770.18,USD,current,770.18
ACC-00106,57,76.45,4,Pro,False,East,2022-04-17,983.22,USD,current,983.22
ACC-00107,48,34.77,2,Starter,False,South,2022-04-18,411.55,USD,current,411.55
ACC-00108,34,57.14,1,Starter,True,East,2022-04-19,686.74,USD,current,686.74
ACC-00109,51,49.33,3,Starter,False,West,2022-04-20,756.22,USD,current,756.22
ACC-00110,20,,1,Starter,False,South,2022-04-21,977.6,USD,current,977.6
ACC-00111,57,41.05,0,Starter,False,East,2022-04-22,545.37,USD,current,545.37
ACC-00112,41,91.27,2,Starter,True,North,2022-04-23,1105.53,USD,current,1105.53
ACC-00113,34,63.43,1,Pro,False,South,2022-04-24,836.45,USD,current,836.45
ACC-00114,37,44.25,1,Starter,True,West,2022-04-25,535.2,USD,current,535.2
ACC-00115,41,52.49,3,Pro,False,East,2022-04-26,480.19,USD,current,480.19
ACC-00116,3,50.37,6,Business,False,North,2022-04-27,352.56,USD,current,352.56
ACC-00117,11,42.33,2,Pro,False,East,2022-04-28,585.3,USD,current,585.3
ACC-00118,18,65.61,3,Starter,False,West,2022-04-29,740.07,USD,current,740.07
ACC-00119,9,43.13,2,Starter,True,North,2022-04-30,516.1,USD,current,516.1
ACC-00120,32,26.93,0,Business,False,North,2022-05-01,363.68,USD,current,363.68
ACC-00121,49,57.55,0,Starter,False,South,2022-05-02,729.19,USD,current,729.19
ACC-00122,48,,3,Starter,True,East,2022-05-03,557.2,USD,current,557.2
ACC-00123,34,51.21,3,Business,True,South,2022-05-04,575.62,USD,current,575.62
ACC-00124,62,48.55,4,Business,True,West,2022-05-05,546.64,USD,current,546.64
ACC-00125,41,49.19,1,Starter,False,West,2022-05-06,740.92,USD,current,740.92
ACC-00126,6,,0,Pro,False,East,2022-05-07,1123.18,USD,current,1123.18
ACC-00127,56,64.96,5,Pro,False,South,2022-05-08,687.98,USD,current,687.98
ACC-00128,42,,0,Pro,False,North,2022-05-09,902.98,USD,current,902.98
ACC-00129,46,33.8,1,Starter,True,West,2022-05-10,467.64,USD,current,467.64
ACC-00130,41,52.88,1,Starter,False,West,2022-05-11,709.96,USD,current,709.96
ACC-00131,40,67.66,2,Pro,True,South,2022-05-12,1020.17,USD,current,1020.17
ACC-00132,7,46.58,3,Starter,True,East,2022-05-13,513.26,USD,current,513.26
ACC-00133,41,79.44,3,Pro,True,West,2022-05-14,731.22,USD,current,731.22
ACC-00134,58,43.55,2,,True,East,2022-05-15,608.02,USD,current,608.02
ACC-00135,22,59.13,1,Business,False,North,2022-05-16,726.99,USD,current,726.99
ACC-00136,44,54.04,0,,False,East,2022-05-17,740.36,USD,current,740.36
ACC-00137,3,66.79,2,Pro,False,West,2022-05-18,769.66,USD,current,769.66
ACC-00138,26,53.11,2,Pro,True,West,2022-05-19,626.76,USD,current,626.76
ACC-00139,32,59.39,0,Starter,True,South,2022-05-20,772.0,USD,current,772.0
ACC-00140,71,59.99,4,Pro,True,East,2022-05-21,797.0,USD,current,797.0
ACC-00141,16,51.52,2,,False,South,2022-05-22,541.4,USD,current,541.4
ACC-00142,20,72.25,1,Business,True,East,2022-05-23,791.67,USD,current,791.67
ACC-00143,30,68.05,1,Pro,True,North,2022-05-24,1118.77,USD,current,1118.77
ACC-00144,72,,2,Business,False,South,2022-05-25,769.5,USD,current,769.5
ACC-00145,62,56.68,3,Business,False,South,2022-05-26,723.2,USD,current,723.2
ACC-00146,3,77.54,2,Business,False,South,2022-05-27,741.89,USD,current,741.89
ACC-00147,17,59.99,2,Starter,True,South,2022-05-28,704.37,USD,current,704.37
ACC-00148,60,58.79,3,Business,False,North,2022-05-29,651.44,USD,current,651.44
ACC-00149,5,65.78,1,Pro,True,East,2022-05-30,729.53,USD,current,729.53
ACC-00150,62,92.84,0,Starter,False,South,2022-05-31,1332.16,USD,current,1332.16
ACC-00151,21,41.21,2,Pro,True,West,2022-06-01,519.05,USD,current,519.05
ACC-00152,67,77.09,3,Starter,False,North,2022-06-02,1020.21,USD,current,1020.21
ACC-00153,22,31.82,5,Starter,False,East,2022-06-03,116.38,USD,current,116.38
ACC-00154,32,67.69,1,Starter,False,North,2022-06-04,1011.64,USD,current,1011.64
ACC-00155,48,90.78,3,Starter,True,East,2022-06-05,988.05,USD,current,988.05
ACC-00156,10,72.31,0,Pro,True,South,2022-06-06,1025.26,USD,current,1025.26
ACC-00157,41,66.9,1,Business,False,South,2022-06-07,946.75,USD,current,946.75
ACC-00158,37,54.47,0,Pro,False,East,2022-06-08,779.63,USD,current,779.63
ACC-00159,57,64.53,1,Pro,True,West,2022-06-09,781.38,USD,current,781.38
ACC-00160,72,59.71,2,Starter,True,South,2022-06-10,814.22,USD,current,814.22
ACC-00161,48,50.64,0,Pro,True,West,2022-06-11,661.28,USD,current,661.28
ACC-00162,30,59.07,0,Starter,True,North,2022-06-12,771.48,USD,current,771.48
ACC-00163,30,,1,Pro,True,South,2022-06-13,815.98,USD,current,815.98
ACC-00164,31,50.96,1,Starter,True,South,2022-06-14,460.01,USD,current,460.01
ACC-00165,59,50.29,1,Pro,True,West,2022-06-15,792.48,USD,current,792.48
ACC-00166,24,40.88,1,Pro,True,North,2022-06-16,501.21,USD,current,501.21
ACC-00167,13,70.64,0,Pro,False,South,2022-06-17,830.08,USD,current,830.08
ACC-00168,25,73.27,1,,True,South,2022-06-18,848.82,USD,current,848.82
ACC-00169,2,67.94,2,Starter,True,West,2022-06-19,791.52,USD,current,791.52
ACC-00170,8,80.41,3,Business,True,South,2022-06-20,810.46,USD,current,810.46
ACC-00171,7,65.49,1,Pro,False,West,2022-06-21,566.96,USD,current,566.96
ACC-00172,56,70.66,2,Pro,True,East,2022-06-22,936.61,USD,current,936.61
ACC-00173,53,69.17,2,Pro,True,East,2022-06-23,922.7,USD,current,922.7
ACC-00174,51,62.44,2,Pro,True,West,2022-06-24,773.36,USD,current,773.36
ACC-00175,34,54.98,0,Business,True,North,2022-06-25,624.4,USD,current,624.4
ACC-00176,52,101.64,0,Starter,True,South,2022-06-26,1331.69,USD,current,1331.69
ACC-00177,12,56.32,1,Pro,True,East,2022-06-27,537.99,USD,current,537.99
ACC-00178,65,52.68,0,Pro,False,North,2022-06-28,669.71,USD,current,669.71
ACC-00179,37,71.38,0,Pro,True,North,2022-06-29,862.98,USD,current,862.98
ACC-00180,68,68.28,0,Business,True,North,2022-06-30,1031.33,USD,current,1031.33
ACC-00181,11,40.12,1,Starter,False,West,2022-07-01,440.79,USD,current,440.79
ACC-00182,36,83.09,3,Pro,False,East,2022-07-02,938.72,USD,current,938.72
ACC-00183,51,62.4,2,Starter,False,South,2022-07-03,966.71,USD,current,966.71
ACC-00184,36,45.11,2,Starter,True,East,2022-07-04,585.09,USD,current,585.09
ACC-00185,33,84.21,4,Pro,True,East,2022-07-05,987.02,USD,current,987.02
ACC-00186,12,74.64,3,Starter,True,West,2022-07-06,796.36,USD,current,796.36
ACC-00187,28,42.5,1,Starter,False,West,2022-07-07,482.36,USD,current,482.36
ACC-00188,18,94.21,1,Starter,True,West,2022-07-08,939.77,USD,current,939.77
ACC-00189,22,75.2,0,Pro,False,North,2022-07-09,1033.58,USD,current,1033.58
ACC-00190,50,63.83,1,Pro,False,West,2022-07-10,876.27,USD,current,876.27
ACC-00191,46,,0,Business,False,South,2022-07-11,1168.28,USD,current,1168.28
ACC-00192,44,66.71,3,Starter,True,South,2022-07-12,786.15,USD,current,786.15
ACC-00193,27,63.52,2,Pro,False,East,2022-07-13,822.52,USD,current,822.52
ACC-00194,70,52.77,0,Pro,True,East,2022-07-14,633.37,USD,current,633.37
ACC-00195,7,,1,Pro,False,South,2022-07-15,817.61,USD,current,817.61
ACC-00196,25,72.1,2,Starter,False,West,2022-07-16,752.96,USD,current,752.96
ACC-00197,9,64.25,0,Starter,False,North,2022-07-17,948.43,USD,current,948.43
ACC-00198,25,50.57,2,Pro,True,North,2022-07-18,675.65,USD,current,675.65
ACC-00199,70,66.21,4,Pro,False,North,2022-07-19,616.26,USD,current,616.26
ACC-00200,27,62.81,0,Pro,True,West,2022-07-20,671.52,USD,current,671.52
ACC-00201,66,41.33,1,Pro,True,South,2022-07-21,586.06,USD,current,586.06
ACC-00202,36,38.98,2,Pro,True,South,2022-07-22,437.23,USD,current,437.23
ACC-00203,51,73.61,1,Pro,False,East,2022-07-23,836.1,USD,current,836.1
ACC-00204,33,19.77,2,Starter,False,South,2022-07-24,418.24,USD,current,418.24
ACC-00205,20,67.49,2,Pro,True,East,2022-07-25,818.03,USD,current,818.03
ACC-00206,56,55.87,4,Business,False,North,2022-07-26,705.2,USD,current,705.2
ACC-00207,70,86.24,1,Starter,False,North,2022-07-27,1082.6,USD,current,1082.6
ACC-00208,19,55.61,2,Pro,True,West,2022-07-28,710.34,USD,current,710.34
ACC-00209,57,75.21,0,Starter,False,South,2022-07-29,982.3,USD,current,982.3
ACC-00210,19,57.25,3,Pro,False,North,2022-07-30,609.53,USD,current,609.53
ACC-00211,52,65.93,1,Starter,True,South,2022-07-31,920.19,USD,current,920.19
ACC-00212,57,76.53,0,Pro,True,South,2022-08-01,885.7,USD,current,885.7
ACC-00213,33,56.14,2,Starter,False,South,2022-08-02,823.37,USD,current,823.37
ACC-00214,54,80.94,3,Pro,True,South,2022-08-03,1005.71,USD,current,1005.71
ACC-00215,20,47.11,4,Business,False,East,2022-08-04,600.57,USD,current,600.57
ACC-00216,6,69.01,0,Starter,True,North,2022-08-05,743.31,USD,current,743.31
ACC-00217,7,79.68,3,Business,True,South,2022-08-06,797.13,USD,current,797.13
ACC-00218,33,75.22,1,Business,True,South,2022-08-07,834.08,USD,current,834.08
ACC-00219,65,96.58,0,Business,False,East,2022-08-08,1311.48,USD,current,1311.48
ACC-00220,10,51.02,4,Starter,False,West,2022-08-09,518.2,USD,current,518.2
ACC-00221,33,40.55,1,Pro,False,West,2022-08-10,480.86,USD,current,480.86
ACC-00222,51,,2,Starter,True,South,2022-08-11,515.89,USD,current,515.89
ACC-00223,15,75.23,2,Starter,False,East,2022-08-12,758.74,USD,current,758.74
ACC-00224,52,72.46,1,Business,False,North,2022-08-13,939.21,USD,current,939.21
ACC-00225,23,65.74,0,Pro,True,East,2022-08-14,792.96,USD,current,792.96
ACC-00226,59,44.91,0,Pro,False,North,2022-08-15,595.21,USD,current,595.21
ACC-00227,42,,3,Starter,True,North,2022-08-16,1057.68,USD,current,1057.68
ACC-00228,40,43.18,0,Pro,False,East,2022-08-17,590.75,USD,current,590.75
ACC-00229,13,83.7,2,Pro,False,North,2022-08-18,1084.73,USD,current,1084.73
ACC-00230,34,112.58,1,Pro,True,South,2022-08-19,1340.92,USD,current,1340.92
ACC-00231,62,70.23,2,Business,True,North,2022-08-20,928.79,USD,current,928.79
ACC-00232,2,73.91,0,Starter,False,East,2022-08-21,885.96,USD,current,885.96
ACC-00233,55,55.62,3,Starter,True,West,2022-08-22,534.67,USD,current,534.67
ACC-00234,36,33.23,0,Pro,True,East,2022-08-23,599.27,USD,current,599.27
ACC-00235,52,53.75,1,Business,True,West,2022-08-24,706.88,USD,current,706.88
ACC-00236,48,45.42,6,Starter,False,South,2022-08-25,528.23,USD,current,528.23
ACC-00237,32,39.4,0,Starter,True,North,2022-08-26,469.13,USD,current,469.13
ACC-00238,23,93.28,1,Starter,True,North,2022-08-27,1120.53,USD,current,1120.53
ACC-00239,46,68.64,0,Business,False,North,2022-08-28,837.65,USD,current,837.65
ACC-00240,11,70.45,3,Starter,True,North,2022-08-29,888.7,USD,current,888.7
ACC-00241,43,58.75,1,Pro,False,South,2022-08-30,788.99,USD,current,788.99
ACC-00242,7,61.06,3,Business,False,North,2022-08-31,689.77,USD,current,689.77
ACC-00243,47,80.4,1,Starter,False,East,2022-09-01,1151.0,USD,current,1151.0
ACC-00244,46,63.45,2,Pro,True,North,2022-09-02,897.47,USD,current,897.47
ACC-00245,7,73.02,1,Pro,False,East,2022-09-03,929.14,USD,current,929.14
ACC-00246,55,60.67,1,Pro,False,South,2022-09-04,680.06,USD,current,680.06
ACC-00247,30,58.18,2,Starter,True,East,2022-09-05,635.59,USD,current,635.59
ACC-00248,57,40.08,1,Starter,True,East,2022-09-06,474.64,USD,current,474.64
ACC-00249,3,30.38,1,Starter,True,West,2022-09-07,406.02,USD,current,406.02
ACC-00250,13,59.55,3,Pro,True,South,2022-09-08,666.0,USD,current,666.0
ACC-00251,36,64.96,1,Pro,True,South,2022-09-09,696.38,USD,current,696.38
ACC-00252,14,42.14,0,Starter,True,East,2022-09-10,516.64,USD,current,516.64
ACC-00253,24,63.41,4,Starter,True,East,2022-09-11,554.5,USD,current,554.5
ACC-00254,48,64.91,2,Business,True,South,2022-09-12,810.18,USD,current,810.18
ACC-00255,11,27.35,0,Starter,True,East,2022-09-13,201.19,USD,current,201.19
ACC-00256,49,48.44,0,Starter,False,South,2022-09-14,726.91,USD,current,726.91
ACC-00257,8,70.92,3,Pro,True,South,2022-09-15,811.1,USD,current,811.1
ACC-00258,13,70.58,1,Starter,True,South,2022-09-16,1014.68,USD,current,1014.68
ACC-00259,43,44.39,1,Starter,True,West,2022-09-17,664.96,USD,current,664.96
ACC-00260,58,66.69,0,Pro,True,East,2022-09-18,878.26,USD,current,878.26
ACC-00261,13,81.38,2,Starter,True,North,2022-09-19,1016.2,USD,current,1016.2
ACC-00262,22,77.21,1,Pro,True,West,2022-09-20,814.73,USD,current,814.73
ACC-00263,67,62.38,1,Pro,False,East,2022-09-21,765.94,USD,current,765.94
ACC-00264,72,,4,Pro,False,North,2022-09-22,726.52,USD,current,726.52
ACC-00265,42,53.3,2,Starter,False,East,2022-09-23,469.37,USD,current,469.37
ACC-00266,33,,2,Pro,False,East,2022-09-24,866.09,USD,current,866.09
ACC-00267,25,67.32,2,Starter,False,West,2022-09-25,705.98,USD,current,705.98
ACC-00268,45,74.7,3,Pro,True,South,2022-09-26,905.52,USD,current,905.52
ACC-00269,43,66.24,2,Starter,False,East,2022-09-27,723.91,USD,current,723.91
ACC-00270,22,77.92,1,Pro,False,South,2022-09-28,987.21,USD,current,987.21
ACC-00271,2,65.61,0,Starter,False,South,2022-09-29,793.04,USD,current,793.04
ACC-00272,11,,3,Starter,False,East,2022-09-30,986.11,USD,current,986.11
ACC-00273,70,78.8,3,Pro,True,West,2022-10-01,996.25,USD,current,996.25
ACC-00274,31,50.32,2,Starter,False,West,2022-10-02,536.7,USD,current,536.7
ACC-00275,35,33.26,0,Starter,False,West,2022-10-03,446.92,USD,current,446.92
ACC-00276,34,90.24,2,Pro,True,East,2022-10-04,969.89,USD,current,969.89
ACC-00277,57,68.36,4,,True,East,2022-10-05,850.91,USD,current,850.91
ACC-00278,5,34.85,1,Starter,False,South,2022-10-06,451.33,USD,current,451.33
ACC-00279,6,51.87,3,Business,True,West,2022-10-07,766.61,USD,current,766.61
ACC-00280,20,77.12,3,Pro,True,South,2022-10-08,819.5,USD,current,819.5
ACC-00281,36,,2,Business,True,South,2022-10-09,698.84,USD,current,698.84
ACC-00282,49,,1,Pro,False,West,2022-10-10,679.72,USD,current,679.72
ACC-00283,36,87.81,0,Pro,True,East,2022-10-11,1144.87,USD,current,1144.87
ACC-00284,32,46.2,0,Pro,True,South,2022-10-12,652.71,USD,current,652.71
ACC-00285,68,50.43,3,Pro,True,West,2022-10-13,646.37,USD,current,646.37
ACC-00286,12,67.59,1,Business,True,West,2022-10-14,902.89,USD,current,902.89
ACC-00287,42,70.64,2,Starter,False,South,2022-10-15,816.12,USD,current,816.12
ACC-00288,40,72.44,1,Starter,False,East,2022-10-16,1008.01,USD,current,1008.01
ACC-00289,35,79.49,1,Starter,False,South,2022-10-17,1042.36,USD,current,1042.36
ACC-00290,59,67.38,1,Business,False,East,2022-10-18,895.43,USD,current,895.43
ACC-00291,20,72.32,1,Starter,False,West,2022-10-19,849.49,USD,current,849.49
ACC-00292,69,59.59,4,Pro,True,East,2022-10-20,951.52,USD,current,951.52
ACC-00293,24,65.07,1,Pro,False,West,2022-10-21,725.26,USD,current,725.26
ACC-00294,40,65.83,3,Business,True,East,2022-10-22,806.75,USD,current,806.75
ACC-00295,38,,3,Starter,False,West,2022-10-23,730.36,USD,current,730.36
ACC-00296,62,77.13,3,Pro,False,South,2022-10-24,1120.3,USD,current,1120.3
ACC-00297,32,73.44,2,Business,True,South,2022-10-25,965.06,USD,current,965.06
ACC-00298,21,64.75,3,Starter,False,South,2022-10-26,667.97,USD,current,667.97
ACC-00299,2,50.24,5,Pro,False,West,2022-10-27,503.07,USD,current,503.07
ACC-00300,27,65.15,1,Starter,True,East,2022-10-28,829.0,USD,current,829.0
ACC-00301,60,63.52,1,Pro,False,North,2022-10-29,805.79,USD,current,805.79
ACC-00302,1,67.28,2,Pro,True,North,2022-10-30,817.64,USD,current,817.64
ACC-00303,65,101.51,2,Starter,True,East,2022-10-31,1323.17,USD,current,1323.17
ACC-00304,40,55.1,0,Starter,True,West,2022-11-01,760.56,USD,current,760.56
ACC-00305,11,71.18,3,Starter,True,South,2022-11-02,782.37,USD,current,782.37
ACC-00306,22,82.16,1,Starter,False,East,2022-11-03,1038.76,USD,current,1038.76
ACC-00307,40,65.67,2,Pro,False,West,2022-11-04,828.64,USD,current,828.64
ACC-00308,23,103.74,0,,False,East,2022-11-05,1296.24,USD,current,1296.24
ACC-00309,8,57.57,4,Starter,False,West,2022-11-06,529.19,USD,current,529.19
ACC-00310,48,69.51,0,Pro,False,East,2022-11-07,1082.55,USD,current,1082.55
ACC-00311,49,50.42,2,Pro,True,East,2022-11-08,548.51,USD,current,548.51
ACC-00312,9,58.02,1,Pro,True,West,2022-11-09,722.78,USD,current,722.78
ACC-00313,21,68.23,1,Business,False,East,2022-11-10,801.96,USD,current,801.96
ACC-00314,18,78.39,2,Starter,False,North,2022-11-11,1075.01,USD,current,1075.01
ACC-00315,48,69.42,5,Pro,True,South,2022-11-12,697.78,USD,current,697.78
ACC-00316,53,85.4,3,Starter,False,North,2022-11-13,974.69,USD,current,974.69
ACC-00317,53,62.39,1,Pro,True,East,2022-11-14,737.34,USD,current,737.34
ACC-00318,68,58.35,2,Business,True,North,2022-11-15,805.35,USD,current,805.35
ACC-00319,56,109.97,3,Pro,True,East,2022-11-16,1218.04,USD,current,1218.04
ACC-00320,24,70.7,4,Pro,True,South,2022-11-17,733.36,USD,current,733.36
ACC-00321,8,51.77,1,Pro,True,North,2022-11-18,413.51,USD,current,413.51
ACC-00322,45,52.2,0,,False,North,2022-11-19,738.01,USD,current,738.01
ACC-00323,66,47.97,1,Pro,False,East,2022-11-20,632.67,USD,current,632.67
ACC-00324,71,79.92,0,Pro,False,North,2022-11-21,967.14,USD,current,967.14
ACC-00325,17,57.81,0,Business,True,West,2022-11-22,825.37,USD,current,825.37
ACC-00326,18,66.17,2,Pro,False,West,2022-11-23,652.29,USD,current,652.29
ACC-00327,3,62.92,2,Starter,False,East,2022-11-24,772.77,USD,current,772.77
ACC-00328,11,,0,Pro,True,North,2022-11-25,876.13,USD,current,876.13
ACC-00329,40,49.61,4,Starter,True,West,2022-11-26,699.41,USD,current,699.41
ACC-00330,40,45.72,2,Starter,True,East,2022-11-27,636.04,USD,current,636.04
ACC-00331,27,67.81,3,Starter,False,South,2022-11-28,687.03,USD,current,687.03
ACC-00332,23,74.22,1,Pro,False,North,2022-11-29,824.06,USD,current,824.06
ACC-00333,60,69.65,1,Starter,False,East,2022-11-30,980.33,USD,current,980.33
ACC-00334,34,50.24,0,Starter,False,West,2022-12-01,647.26,USD,current,647.26
ACC-00335,59,75.52,0,Starter,False,North,2022-12-02,1008.97,USD,current,1008.97
ACC-00336,70,51.35,0,Business,True,North,2022-12-03,870.75,USD,current,870.75
ACC-00337,23,55.13,0,Pro,False,South,2022-12-04,640.22,USD,current,640.22
ACC-00338,15,47.95,3,Starter,True,East,2022-12-05,523.65,USD,current,523.65
ACC-00339,69,86.12,2,Starter,False,South,2022-12-06,1197.35,USD,current,1197.35
ACC-00340,46,74.77,3,Pro,False,South,2022-12-07,972.04,USD,current,972.04
ACC-00341,21,74.28,1,Starter,False,South,2022-12-08,889.05,USD,current,889.05
ACC-00342,45,85.2,2,,True,North,2022-12-09,1026.43,USD,current,1026.43
ACC-00343,38,111.82,3,Starter,False,North,2022-12-10,1171.29,USD,current,1171.29
ACC-00344,66,34.94,0,Business,False,North,2022-12-11,456.26,USD,current,456.26
ACC-00345,19,51.45,2,Starter,False,East,2022-12-12,624.02,USD,current,624.02
ACC-00346,72,53.53,3,Pro,False,West,2022-12-13,683.89,USD,current,683.89
ACC-00347,68,49.54,1,,True,South,2022-12-14,707.18,USD,current,707.18
ACC-00348,14,,1,Business,True,North,2022-12-15,639.71,USD,current,639.71
ACC-00349,12,58.91,2,Business,True,South,2022-12-16,564.01,USD,current,564.01
ACC-00350,39,43.32,0,Pro,False,West,2022-12-17,576.56,USD,current,576.56
ACC-00351,4,,1,Pro,True,North,2022-12-18,831.33,USD,current,831.33
ACC-00352,22,64.88,1,Starter,False,South,2022-12-19,729.17,USD,current,729.17
ACC-00353,32,72.18,2,Pro,True,East,2022-12-20,998.96,USD,current,998.96
ACC-00354,70,72.63,1,Pro,False,South,2022-12-21,1063.35,USD,current,1063.35
ACC-00355,72,74.25,1,Starter,True,South,2022-12-22,1031.13,USD,current,1031.13
ACC-00356,11,57.65,0,Pro,False,South,2022-12-23,875.31,USD,current,875.31
ACC-00357,65,,1,Pro,True,South,2022-12-24,1165.81,USD,current,1165.81
ACC-00358,7,67.99,0,Pro,True,East,2022-12-25,829.13,USD,current,829.13
ACC-00359,54,32.34,1,Pro,False,East,2022-12-26,499.02,USD,current,499.02
ACC-00360,61,46.96,0,Pro,True,North,2022-12-27,603.21,USD,current,603.21
ACC-00361,65,34.41,0,Pro,True,North,2022-12-28,570.0,USD,current,570.0
ACC-00362,17,64.29,2,,True,South,2022-12-29,645.94,USD,current,645.94
ACC-00363,65,61.93,0,Starter,False,West,2022-12-30,935.3,USD,current,935.3
ACC-00364,9,56.04,1,Starter,True,North,2022-12-31,755.65,USD,current,755.65
ACC-00365,38,98.19,1,Pro,True,North,2023-01-01,1248.74,USD,current,1248.74
ACC-00366,34,73.33,2,Starter,False,East,2023-01-02,721.24,USD,current,721.24
ACC-00367,23,76.34,0,,False,South,2023-01-03,875.11,USD,current,875.11
ACC-00368,2,48.17,0,Starter,True,North,2023-01-04,632.88,USD,current,632.88
ACC-00369,56,47.01,1,Starter,True,North,2023-01-05,648.08,USD,current,648.08
ACC-00370,25,64.63,5,Pro,True,East,2023-01-06,433.05,USD,current,433.05
ACC-00371,48,66.94,1,Starter,True,East,2023-01-07,981.15,USD,current,981.15
ACC-00372,30,32.44,3,Starter,False,East,2023-01-08,371.61,USD,current,371.61
ACC-00373,27,60.93,4,Pro,True,South,2023-01-09,591.5,USD,current,591.5
ACC-00374,64,64.24,2,Starter,False,East,2023-01-10,928.42,USD,current,928.42
ACC-00375,7,60.34,1,,False,West,2023-01-11,647.13,USD,current,647.13
ACC-00376,54,50.17,0,Starter,True,South,2023-01-12,648.11,USD,current,648.11
ACC-00377,54,54.83,2,Pro,True,South,2023-01-13,738.19,USD,current,738.19
ACC-00378,28,60.99,1,Starter,True,North,2023-01-14,918.21,USD,current,918.21
ACC-00379,19,65.54,4,Pro,False,East,2023-01-15,850.65,USD,current,850.65
ACC-00380,1,74.28,2,Business,False,North,2023-01-16,865.75,USD,current,865.75
ACC-00381,68,82.37,2,Pro,True,North,2023-01-17,1106.11,USD,current,1106.11
ACC-00382,69,59.0,1,Starter,True,East,2023-01-18,887.19,USD,current,887.19
ACC-00383,18,56.25,0,Pro,False,North,2023-01-19,597.82,USD,current,597.82
ACC-00384,3,71.44,0,Pro,True,West,2023-01-20,921.26,USD,current,921.26
ACC-00385,9,74.38,2,,True,South,2023-01-21,784.55,USD,current,784.55
ACC-00386,5,56.62,2,Pro,True,South,2023-01-22,658.09,USD,current,658.09
ACC-00387,60,77.44,4,,False,East,2023-01-23,908.77,USD,current,908.77
ACC-00388,65,80.65,3,Starter,False,East,2023-01-24,1052.94,USD,current,1052.94
ACC-00389,12,85.96,0,Starter,True,South,2023-01-25,1066.13,USD,current,1066.13
ACC-00390,54,94.23,0,Starter,True,West,2023-01-26,962.2,USD,current,962.2
ACC-00391,13,49.27,2,Starter,True,West,2023-01-27,573.35,USD,current,573.35
ACC-00392,27,64.24,3,Pro,False,North,2023-01-28,792.63,USD,current,792.63
ACC-00393,44,64.19,0,Business,True,East,2023-01-29,898.43,USD,current,898.43
ACC-00394,52,62.33,3,Starter,True,South,2023-01-30,752.76,USD,current,752.76
ACC-00395,63,,1,Pro,True,West,2023-01-31,879.34,USD,current,879.34
ACC-00396,4,38.75,0,Pro,False,South,2023-02-01,500.97,USD,current,500.97
ACC-00397,15,65.58,3,Starter,True,South,2023-02-02,766.3,USD,current,766.3
ACC-00398,21,50.94,2,Starter,False,East,2023-02-03,687.26,USD,current,687.26
ACC-00399,23,,2,Starter,False,West,2023-02-04,804.18,USD,current,804.18
ACC-00400,72,,0,Starter,False,North,2023-02-05,669.19,USD,current,669.19
ACC-00401,56,45.31,4,Starter,True,East,2023-02-06,316.22,USD,current,316.22
ACC-00402,24,67.98,1,Starter,True,South,2023-02-07,790.86,USD,current,790.86
ACC-00403,70,66.57,1,Pro,True,East,2023-02-08,977.27,USD,current,977.27
ACC-00404,36,73.85,2,Starter,True,East,2023-02-09,866.39,USD,current,866.39
ACC-00405,37,101.16,2,Starter,False,West,2023-02-10,1300.02,USD,current,1300.02
ACC-00406,32,,2,Starter,True,West,2023-02-11,841.95,USD,current,841.95
ACC-00407,11,72.25,0,,True,East,2023-02-12,1004.88,USD,current,1004.88
ACC-00408,68,45.68,2,Starter,False,East,2023-02-13,597.61,USD,current,597.61
ACC-00409,2,42.12,0,Pro,True,West,2023-02-14,551.56,USD,current,551.56
ACC-00410,13,90.91,2,Starter,True,North,2023-02-15,1102.43,USD,current,1102.43
ACC-00411,17,48.3,0,Starter,False,East,2023-02-16,748.75,USD,current,748.75
ACC-00412,21,46.25,0,Business,False,West,2023-02-17,443.44,USD,current,443.44
ACC-00413,10,63.34,1,Starter,False,North,2023-02-18,708.77,USD,current,708.77
ACC-00414,2,62.47,4,Starter,True,West,2023-02-19,709.97,USD,current,709.97
ACC-00415,49,48.66,3,Starter,False,East,2023-02-20,731.02,USD,current,731.02
ACC-00416,70,58.82,1,Business,False,South,2023-02-21,837.39,USD,current,837.39
ACC-00417,9,84.9,3,Pro,True,South,2023-02-22,920.45,USD,current,920.45
ACC-00418,22,50.3,2,Pro,True,South,2023-02-23,655.72,USD,current,655.72
ACC-00419,37,40.31,0,Business,False,West,2023-02-24,635.87,USD,current,635.87
ACC-00420,67,80.02,2,Starter,True,West,2023-02-25,1001.92,USD,current,1001.92
ACC-00421,50,72.37,0,Business,True,West,2023-02-26,998.16,USD,current,998.16
ACC-00422,56,53.45,1,Starter,False,East,2023-02-27,829.66,USD,current,829.66
ACC-00423,42,37.1,3,Pro,False,North,2023-02-28,609.38,USD,current,609.38
ACC-00424,31,51.34,1,Starter,True,West,2023-03-01,714.93,USD,current,714.93
ACC-00425,15,63.07,2,Starter,False,North,2023-03-02,730.81,USD,current,730.81
ACC-00426,63,83.82,2,Business,False,North,2023-03-03,1066.93,USD,current,1066.93
ACC-00427,58,46.38,6,Starter,False,North,2023-03-04,542.7,USD,current,542.7
ACC-00428,2,62.56,5,Business,True,West,2023-03-05,594.35,USD,current,594.35
ACC-00429,52,75.48,2,Starter,True,South,2023-03-06,966.8,USD,current,966.8
ACC-00430,7,23.52,1,Pro,False,North,2023-03-07,171.01,USD,current,171.01
ACC-00431,54,81.57,0,Business,True,North,2023-03-08,1203.63,USD,current,1203.63
ACC-00432,60,43.9,0,Starter,False,South,2023-03-09,544.16,USD,current,544.16
ACC-00433,10,69.64,3,Business,False,East,2023-03-10,726.84,USD,current,726.84
ACC-00434,32,68.19,0,Pro,True,West,2023-03-11,891.11,USD,current,891.11
ACC-00435,9,82.44,0,Pro,False,East,2023-03-12,1186.44,USD,current,1186.44
ACC-00436,41,73.37,1,Starter,False,East,2023-03-13,894.35,USD,current,894.35
ACC-00437,67,23.59,1,Pro,False,West,2023-03-14,327.09,USD,current,327.09
ACC-00438,6,50.66,3,Pro,False,West,2023-03-15,480.33,USD,current,480.33
ACC-00439,29,66.35,0,Pro,False,South,2023-03-16,1003.49,USD,current,1003.49
ACC-00440,71,60.69,0,,False,West,2023-03-17,617.11,USD,current,617.11
ACC-00441,22,72.12,0,Starter,False,East,2023-03-18,819.19,USD,current,819.19
ACC-00442,10,77.42,3,Business,False,West,2023-03-19,1104.85,USD,current,1104.85
ACC-00443,36,74.34,0,Starter,True,North,2023-03-20,1017.3,USD,current,1017.3
ACC-00444,37,60.36,4,Pro,True,North,2023-03-21,578.75,USD,current,578.75
ACC-00445,48,,0,Business,True,West,2023-03-22,483.57,USD,current,483.57
ACC-00446,23,,1,Starter,False,East,2023-03-23,697.15,USD,current,697.15
ACC-00447,69,71.08,3,Starter,True,North,2023-03-24,977.09,USD,current,977.09
ACC-00448,38,45.46,0,Pro,False,West,2023-03-25,787.1,USD,current,787.1
ACC-00449,21,74.73,2,Starter,True,North,2023-03-26,913.75,USD,current,913.75
ACC-00450,70,79.44,1,Pro,True,East,2023-03-27,1014.73,USD,current,1014.73
ACC-00451,67,66.16,1,Pro,True,North,2023-03-28,968.72,USD,current,968.72
ACC-00452,36,15.0,1,Pro,False,North,2023-03-29,159.16,USD,current,159.16
ACC-00453,2,42.27,0,Starter,False,West,2023-03-30,418.27,USD,current,418.27
ACC-00454,43,96.07,2,Pro,False,West,2023-03-31,1020.39,USD,current,1020.39
ACC-00455,40,54.71,3,Pro,False,North,2023-04-01,505.64,USD,current,505.64
ACC-00456,11,30.27,1,Starter,True,North,2023-04-02,274.55,USD,current,274.55
ACC-00457,46,85.0,1,Pro,False,East,2023-04-03,975.99,USD,current,975.99
ACC-00458,61,64.23,1,,True,North,2023-04-04,890.92,USD,current,890.92
ACC-00459,8,82.78,3,Pro,True,East,2023-04-05,811.46,USD,current,811.46
ACC-00460,53,68.71,0,Pro,False,West,2023-04-06,647.57,USD,current,647.57
ACC-00461,11,71.8,3,Starter,False,West,2023-04-07,699.59,USD,current,699.59
ACC-00462,54,70.17,3,Starter,True,North,2023-04-08,817.59,USD,current,817.59
ACC-00463,31,75.86,3,Starter,False,North,2023-04-09,827.8,USD,current,827.8
ACC-00464,1,102.72,2,Starter,True,East,2023-04-10,1311.35,USD,current,1311.35
ACC-00465,70,,2,,False,North,2023-04-11,990.87,USD,current,990.87
ACC-00466,12,37.13,1,Starter,False,East,2023-04-12,518.89,USD,current,518.89
ACC-00467,43,71.59,0,Pro,False,South,2023-04-13,943.41,USD,current,943.41
ACC-00468,14,83.41,3,Starter,False,East,2023-04-14,935.05,USD,current,935.05
ACC-00469,68,84.45,0,,False,North,2023-04-15,1074.17,USD,current,1074.17
ACC-00470,54,56.75,1,Starter,True,West,2023-04-16,753.68,USD,current,753.68
ACC-00471,58,83.8,0,Starter,False,East,2023-04-17,1052.79,USD,current,1052.79
ACC-00472,32,79.77,1,Pro,True,North,2023-04-18,1006.56,USD,current,1006.56
ACC-00473,34,107.73,3,Business,True,South,2023-04-19,1249.53,USD,current,1249.53
ACC-00474,46,51.25,1,Business,False,North,2023-04-20,591.98,USD,current,591.98
ACC-00475,57,55.37,0,Starter,False,South,2023-04-21,867.76,USD,current,867.76
ACC-00476,61,58.8,1,Pro,True,South,2023-04-22,835.97,USD,current,835.97
ACC-00477,2,55.67,0,Starter,True,North,2023-04-23,631.67,USD,current,631.67
ACC-00478,48,48.87,2,Business,False,East,2023-04-24,635.53,USD,current,635.53
ACC-00479,8,17.03,4,Pro,True,East,2023-04-25,92.87,USD,current,92.87
ACC-00480,21,56.61,1,Starter,True,North,2023-04-26,613.24,USD,current,613.24
ACC-00481,60,70.28,1,Starter,True,North,2023-04-27,939.69,USD,current,939.69
ACC-00482,19,55.62,1,Starter,True,North,2023-04-28,619.49,USD,current,619.49
ACC-00483,58,96.9,1,Starter,False,East,2023-04-29,1163.77,USD,current,1163.77
ACC-00484,34,,1,Business,False,South,2023-04-30,662.68,USD,current,662.68
ACC-00485,17,85.95,0,Pro,False,North,2023-05-01,1033.1,USD,current,1033.1
ACC-00486,25,68.44,1,Business,True,North,2023-05-02,892.36,USD,current,892.36
ACC-00487,39,78.05,1,Starter,False,West,2023-05-03,922.07,USD,current,922.07
ACC-00488,56,68.75,4,Pro,False,South,2023-05-04,1043.83,USD,current,1043.83
ACC-00489,44,87.27,5,Starter,True,East,2023-05-05,1064.94,USD,current,1064.94
ACC-00490,68,64.95,0,Pro,True,South,2023-05-06,1032.8,USD,current,1032.8
ACC-00491,63,72.43,0,Starter,True,North,2023-05-07,1066.78,USD,current,1066.78
ACC-00492,55,70.23,2,Starter,False,South,2023-05-08,1059.49,USD,current,1059.49
ACC-00493,44,59.1,3,Pro,False,North,2023-05-09,636.36,USD,current,636.36
ACC-00494,21,70.88,1,Starter,True,East,2023-05-10,632.15,USD,current,632.15
ACC-00495,30,101.98,5,Pro,True,South,2023-05-11,1093.66,USD,current,1093.66
ACC-00496,9,59.4,1,Pro,True,South,2023-05-12,751.08,USD,current,751.08
ACC-00497,27,,2,Starter,False,North,2023-05-13,861.21,USD,current,861.21
ACC-00498,67,85.38,1,Business,True,West,2023-05-14,1153.38,USD,current,1153.38
ACC-00499,31,83.38,0,Pro,True,North,2023-05-15,1181.49,USD,current,1181.49
ACC-00500,9,,0,Pro,True,East,2023-05-16,822.78,USD,current,822.78
ACC-00501,47,23.48,4,Pro,False,West,2023-05-17,327.69,USD,current,327.69
ACC-00502,70,72.78,0,Pro,True,East,2023-05-18,928.85,USD,current,928.85
ACC-00503,63,,2,Pro,False,East,2023-05-19,282.64,USD,current,282.64
ACC-00504,20,,0,Business,False,West,2023-05-20,1253.14,USD,current,1253.14
ACC-00505,33,66.88,2,Pro,False,North,2023-05-21,817.65,USD,current,817.65
ACC-00506,39,,2,Starter,True,West,2023-05-22,933.84,USD,current,933.84
ACC-00507,18,48.66,1,Starter,True,East,2023-05-23,534.04,USD,current,534.04
ACC-00508,20,37.61,1,Pro,True,South,2023-05-24,402.87,USD,current,402.87
ACC-00509,18,68.43,3,Starter,False,South,2023-05-25,703.39,USD,current,703.39
ACC-00510,72,63.43,0,Starter,False,East,2023-05-26,789.66,USD,current,789.66
ACC-00511,54,55.64,2,Starter,False,West,2023-05-27,580.69,USD,current,580.69
ACC-00512,61,65.44,1,Pro,False,East,2023-05-28,859.72,USD,current,859.72
ACC-00513,59,111.05,1,Starter,False,North,2023-05-29,1367.19,USD,current,1367.19
ACC-00514,70,78.19,2,Pro,True,South,2023-05-30,1117.89,USD,current,1117.89
ACC-00515,8,,0,Pro,False,East,2023-05-31,1024.47,USD,current,1024.47
ACC-00516,64,78.35,0,Pro,False,South,2023-06-01,1092.04,USD,current,1092.04
ACC-00517,5,89.15,1,Starter,True,West,2023-06-02,982.93,USD,current,982.93
ACC-00518,35,60.77,4,Pro,False,East,2023-06-03,668.33,USD,current,668.33
ACC-00519,43,29.07,2,Pro,True,North,2023-06-04,407.32,USD,current,407.32
ACC-00520,26,60.79,2,Pro,True,East,2023-06-05,785.99,USD,current,785.99
ACC-00521,11,77.8,1,Pro,True,North,2023-06-06,917.14,USD,current,917.14
ACC-00522,14,47.51,0,Starter,True,South,2023-06-07,695.28,USD,current,695.28
ACC-00523,60,61.0,1,Business,True,South,2023-06-08,822.74,USD,current,822.74
ACC-00524,23,52.24,3,,True,West,2023-06-09,654.24,USD,current,654.24
ACC-00525,23,89.53,1,Pro,False,West,2023-06-10,1046.33,USD,current,1046.33
ACC-00526,67,76.74,0,Pro,True,South,2023-06-11,891.76,USD,current,891.76
ACC-00527,11,75.08,2,Starter,True,East,2023-06-12,887.07,USD,current,887.07
ACC-00528,66,74.57,2,Pro,False,East,2023-06-13,1032.09,USD,current,1032.09
ACC-00529,67,63.37,0,Starter,True,East,2023-06-14,946.18,USD,current,946.18
ACC-00530,44,67.36,2,Pro,True,East,2023-06-15,874.3,USD,current,874.3
ACC-00531,12,43.85,3,Pro,True,West,2023-06-16,428.85,USD,current,428.85
ACC-00532,12,26.83,0,Starter,False,West,2023-06-17,273.36,USD,current,273.36
ACC-00533,21,66.55,2,Starter,True,West,2023-06-18,830.27,USD,current,830.27
ACC-00534,42,69.51,1,Pro,False,North,2023-06-19,926.47,USD,current,926.47
ACC-00535,12,,5,Starter,True,South,2023-06-20,838.21,USD,current,838.21
ACC-00536,33,90.71,3,Business,True,South,2023-06-21,1164.4,USD,current,1164.4
ACC-00537,9,90.69,0,Pro,False,East,2023-06-22,1026.82,USD,current,1026.82
ACC-00538,39,47.03,1,Pro,False,East,2023-06-23,559.89,USD,current,559.89
ACC-00539,2,58.01,2,Starter,True,East,2023-06-24,787.42,USD,current,787.42
ACC-00540,52,72.17,2,,True,South,2023-06-25,988.16,USD,current,988.16
ACC-00541,4,107.04,3,Business,False,South,2023-06-26,1170.29,USD,current,1170.29
ACC-00542,15,89.16,5,Starter,True,South,2023-06-27,975.8,USD,current,975.8
ACC-00543,13,83.03,3,Starter,True,West,2023-06-28,946.29,USD,current,946.29
ACC-00544,60,57.41,2,Starter,False,South,2023-06-29,501.79,USD,current,501.79
ACC-00545,4,48.99,4,Starter,True,North,2023-06-30,394.24,USD,current,394.24
ACC-00546,31,77.41,2,Pro,False,West,2023-07-01,926.36,USD,current,926.36
ACC-00547,43,45.29,2,Pro,False,North,2023-07-02,537.37,USD,current,537.37
ACC-00548,38,59.95,1,Pro,False,East,2023-07-03,787.6,USD,current,787.6
ACC-00549,50,,2,Starter,True,West,2023-07-04,886.24,USD,current,886.24
ACC-00550,58,91.08,2,Starter,True,South,2023-07-05,1120.02,USD,current,1120.02
ACC-00551,29,57.97,2,Starter,True,South,2023-07-06,598.45,USD,current,598.45
ACC-00552,60,,1,Business,True,South,2023-07-07,389.63,USD,current,389.63
ACC-00553,23,72.58,3,Pro,False,North,2023-07-08,797.51,USD,current,797.51
ACC-00554,71,52.12,2,Starter,False,North,2023-07-09,693.35,USD,current,693.35
ACC-00555,37,,1,Pro,False,North,2023-07-10,794.44,USD,current,794.44
ACC-00556,53,62.53,4,Starter,False,South,2023-07-11,938.08,USD,current,938.08
ACC-00557,64,59.35,2,Starter,False,East,2023-07-12,578.5,USD,current,578.5
ACC-00558,58,77.44,0,Starter,True,North,2023-07-13,1010.28,USD,current,1010.28
ACC-00559,62,37.94,3,Business,True,West,2023-07-14,488.96,USD,current,488.96
ACC-00560,39,55.21,0,Pro,True,East,2023-07-15,670.23,USD,current,670.23
ACC-00561,4,75.63,4,Pro,False,North,2023-07-16,876.53,USD,current,876.53
ACC-00562,36,,1,Starter,True,West,2023-07-17,757.92,USD,current,757.92
ACC-00563,14,36.65,0,Starter,False,North,2023-07-18,463.51,USD,current,463.51
ACC-00564,65,75.37,0,Pro,True,East,2023-07-19,1010.02,USD,current,1010.02
ACC-00565,18,83.09,1,Starter,False,South,2023-07-20,993.04,USD,current,993.04
ACC-00566,17,63.24,0,Business,False,East,2023-07-21,783.39,USD,current,783.39
ACC-00567,18,,5,Pro,True,West,2023-07-22,246.93,USD,current,246.93
ACC-00568,47,76.0,2,,True,West,2023-07-23,929.1,USD,current,929.1
ACC-00569,42,35.78,1,Pro,True,South,2023-07-24,506.1,USD,current,506.1
ACC-00570,69,69.25,0,Business,True,East,2023-07-25,1036.78,USD,current,1036.78
ACC-00571,30,48.91,2,Pro,True,West,2023-07-26,476.23,USD,current,476.23
ACC-00572,21,44.28,2,Pro,False,East,2023-07-27,418.83,USD,current,418.83
ACC-00573,4,56.49,2,Business,True,West,2023-07-28,468.48,USD,current,468.48
ACC-00574,1,60.88,2,Starter,True,South,2023-07-29,750.58,USD,current,750.58
ACC-00575,27,53.05,2,Business,False,South,2023-07-30,653.11,USD,current,653.11
ACC-00576,67,74.01,1,Starter,False,East,2023-07-31,1037.57,USD,current,1037.57
ACC-00577,38,56.42,3,Pro,True,West,2023-08-01,534.35,USD,current,534.35
ACC-00578,65,80.66,0,Pro,False,West,2023-08-02,1258.6,USD,current,1258.6
ACC-00579,8,68.78,3,Pro,True,East,2023-08-03,696.56,USD,current,696.56
ACC-00580,7,52.14,1,Pro,True,East,2023-08-04,624.84,USD,current,624.84
ACC-00581,61,49.28,0,Pro,True,East,2023-08-05,790.24,USD,current,790.24
ACC-00582,8,35.99,1,Starter,True,South,2023-08-06,329.08,USD,current,329.08
ACC-00583,4,,1,Starter,True,South,2023-08-07,756.14,USD,current,756.14
ACC-00584,30,57.97,3,Starter,False,South,2023-08-08,681.79,USD,current,681.79
ACC-00585,67,23.67,3,Pro,True,West,2023-08-09,585.24,USD,current,585.24
ACC-00586,50,54.89,3,,True,East,2023-08-10,695.82,USD,current,695.82
ACC-00587,8,48.68,3,Starter,True,West,2023-08-11,654.76,USD,current,654.76
ACC-00588,61,90.79,3,Business,True,North,2023-08-12,1229.95,USD,current,1229.95
ACC-00589,61,35.05,1,Starter,True,West,2023-08-13,545.75,USD,current,545.75
ACC-00590,58,39.5,0,,False,East,2023-08-14,500.94,USD,current,500.94
ACC-00591,65,82.87,3,Starter,False,West,2023-08-15,1129.81,USD,current,1129.81
ACC-00592,18,87.06,1,Starter,False,South,2023-08-16,915.95,USD,current,915.95
ACC-00593,71,51.34,1,Pro,True,South,2023-08-17,872.1,USD,current,872.1
ACC-00594,24,53.25,2,Starter,False,North,2023-08-18,645.05,USD,current,645.05
ACC-00595,58,74.48,2,Starter,False,West,2023-08-19,711.19,USD,current,711.19
ACC-00596,42,24.44,5,Business,False,East,2023-08-20,196.63,USD,current,196.63
ACC-00597,57,32.36,1,Pro,True,West,2023-08-21,531.17,USD,legacy,531.17
ACC-00598,46,59.23,1,Pro,False,North,2023-08-22,751.4,USD,legacy,751.4
ACC-00599,47,90.35,6,Business,True,North,2023-08-23,1062.53,USD,legacy,1062.53
ACC-00000,7,74.96,1,Starter,False,East,2022-01-01,920.38,USD,current,920.38
ACC-00001,56,49.05,3,Starter,False,North,2022-01-02,640.85,USD,current,640.85
ACC-00002,48,75.45,2,Starter,True,West,2022-01-03,752.46,USD,current,752.46
ACC-00003,32,78.63,0,Starter,True,North,2022-01-04,936.84,USD,current,936.84
ACC-00004,32,90.5,1,Business,False,East,2022-01-05,1228.4,USD,current,1228.4
ACC-00005,62,49.11,1,Pro,False,North,2022-01-06,690.4,USD,current,690.4
ACC-00006,7,60.15,1,Starter,True,East,2022-01-07,578.27,USD,current,578.27
ACC-00007,51,76.7,2,Starter,True,South,2022-01-08,1174.47,USD,current,1174.47
ACC-00008,15,64.98,3,Starter,False,West,2022-01-09,717.11,USD,current,717.11
ACC-00009,7,45.01,4,Pro,True,East,2022-01-10,468.66,USD,current,468.66
ACC-00010,38,850.0,1,Starter,True,South,2022-01-11,934.54,USD,current,934.54
ACC-00011,71,73.84,1,Pro,False,North,2022-01-12,964.96,USD,current,964.96
